1,1,31.016,0,0
1,1,12236.9,0,0
1,1,5588.46,0,0
1,1,2737.03,0,0
0.998041,1,137.395,0,0
0.998793,1,2237.09,0,0
1,1,7240.29,0,0
1,1,6565.63,0,0
1,1,3846.07,0,0
1,1,819.101,0,0
1,1,1442.56,0,0
1,1,3209.24,0,0
1,1,2177.66,0,0
0.999565,1,577.694,0,0
1,1,3306.71,0,0
1,1,1728.3,0,0
1,1,3165.6,0,0
1,1,5886.27,0,0
1,1,4827.72,0,0
1,1,3075.79,0,0
1,1,341.63,0,0
1,1,38.112,0,0
0.980795,1,439.209,0,0
0.979864,1,654.178,0,0
1,1,1373.91,0,0
0.987396,1,225.352,0,0
0.980563,1,102.404,0,0
0.956023,1,97.9054,0,0
1,1,229.133,0,0
1,1,695.972,0,0
0.996065,0.992106,9.05,0,0
0.986959,0.973145,9.05,0,0
1,0.946491,9.05,0,0
1,0.938677,9.05,0,0
0.978565,0.905455,9.05,0,0
0.965301,0.88238,9.05,0,0
0.956813,0.848592,9.05,0,0
0.928731,0.819247,9.05,0,0
0.910425,0.788225,9.05,0,0
0.895707,0.756896,9.05,0,0
0.911068,0.747622,9.05,0,0
0.894012,0.755593,9.05,0,0
0.965015,0.750822,9.05,0,0
0.95273,0.838782,9.05,0,0
0.979764,0.905424,9.05,0,0
1,1,167.593,0,0
1,1,510.965,0,0
1,0.988218,9.05,0,0
1,0.984284,9.05,0,0
1,0.993841,27.139,0,0
1,1,108.59,0,0
1,1,952.08,0,0
1,1,807.032,0,0
1,1,1031.94,0,0
1,1,1370.34,0,0
1,1,787.221,0,0
1,1,914.246,0,0
1,1,417.139,0,0
1,1,3042.56,0,0
1,1,3341.88,0,0
1,1,1391.93,0,0
1,1,130.798,0,0
1,1,215.859,0,0
1,1,883.375,0,0
1,1,852.343,0,0
1,1,1391.43,0,0
1,1,710.296,0,0
1,1,123.345,0,0
0.99496,1,90.1598,0,0
1,1,791.751,0,0
1,1,546.862,0,0
1,1,944.516,0,0
1,1,613.106,0,0
1,1,848.667,0,0
1,1,280.061,0,0
0.971949,0.977422,9.05,0,0
0.980569,0.955117,9.05,0,0
0.954487,0.934986,9.05,0,0
0.932909,0.905391,9.05,0,0
0.931494,0.895865,9.05,0,0
0.953923,0.962471,9.05,0,0
0.972957,1,315.479,0,0
0.955218,0.992178,9.05,0,0
1,1,221.907,0,0
1,1,610.488,0,0
0.99938,1,879.911,0,0
1,1,775.385,0,0
0.997882,1,143.727,0,0
0.99671,0.984147,9.05,0,0
0.969696,0.956133,9.05,0,0
0.97368,0.920317,9.05,0,0
0.965118,0.889198,9.05,0,0
0.99067,0.906489,9.05,0,0
0.986572,0.909464,9.05,0,0
0.973501,0.901955,9.05,0,0
0.965081,0.89551,9.05,0,0
0.942964,0.906267,9.05,0,0
0.963822,0.955734,9.05,0,0
0.984588,1,1765.17,0,0
0.983182,1,617.066,0,0
0.987078,1,160.4,0,0
0.99246,1,588.877,0,0
1,1,629.15,0,0
1,1,387.052,0,0
1,1,764.529,0,0
1,1,817.298,0,0
1,1,776.746,0,0
1,1,852.063,0,0
1,1,3599.51,0,0
1,1,618.456,0,0
1,1,1295.04,0,0
1,1,1551.46,0,0
1,1,207.862,0,0
1,1,4403.32,0,0
1,1,2804.5,0,0
1,1,2514.21,0,0
1,1,2059.87,0,0
1,1,2847.08,0,0
1,1,2922.58,0,0
1,1,4686.25,0,0
1,1,1324.33,0,0
1,1,3173.44,0,0
1,1,464.451,0,0
1,1,1594.72,0,0
1,1,1217.69,0,0
1,1,981.062,0,0
1,1,1754.52,0,0
1,1,567.213,0,0
1,1,194.313,0,0
0.998452,1,22.1031,0,0
0.993257,1,30.1393,0,0
0.969778,0.968836,9.05,0,0
0.952057,0.923864,9.05,0,0
0.956492,0.89308,9.05,0,0
0.964353,0.8506,9.05,0,0
0.947451,0.820764,9.05,0,0
0.91669,0.779017,9.05,0,0
0.906519,0.740284,9.05,0,0
0.883396,0.712026,9.05,0,0
0.859181,0.67538,9.05,0,0
0.837041,0.627911,9.05,0,0
0.7983,0.587631,9.05,0,0
0.774769,0.546658,9.05,0,0
0.76025,0.495736,9.05,0,0
0.749577,0.492951,9.05,0,0
0.752613,0.463722,9.05,0,0
0.748071,0.437674,9.05,0,0
0.782723,0.491476,9.05,0,0
0.777202,0.47364,9.05,0,0
0.803343,0.439346,9.05,0,0
0.797672,0.406488,9.05,0,0
0.800391,0.373054,9.05,0,0
0.80349,0.416088,9.05,0,0
0.827974,0.525066,27.139,0,0
0.94937,0.785164,27.139,0,0
1,0.992158,27.139,0,0
1,1,38.7838,0,0
1,1,374.981,0,0
1,1,1481.79,0,0
1,1,1245.07,0,0
1,1,1686.24,0,0
1,1,385.867,0,0
1,1,402.168,0,0
1,1,230.591,0,0
1,1,2155.04,0,0
1,1,1376.11,01,1,600.874,0,0
1,1,498.531,0,0
1,1,3221.05,0,0
1,1,2308.16,0,0
1,1,1500.8,0,0
1,1,2916.84,0,0
1,1,1223.75,0,0
1,1,1555.7,0,0
1,1,1502.88,0,0
1,1,1619.69,0,0
1,1,833.144,0,0
1,1,640.381,0,0
1,1,20.1355,0,0
0.992543,1,12.2489,0,0
0.99369,1,70.0738,0,0
0.968666,1,248.805,0,0
0.959152,1,238.754,0,0
0.934576,1,98.2448,0,0
0.921173,1,243.033,0,0
0.981276,1,151.832,0,0
1,1,1459.36,0,0
1,1,225.402,0,0
0.997164,1,1220.91,0,0
1,1,1069.13,0,0
1,1,1800.09,0,0
0.980974,0.995036,9.05,0,0
1,1,2041.6,0,0
0.982023,1,245.184,0,0
1,1,6293.87,0,0
1,1,1173.22,0,0
1,1,1661.63,0,0
1,1,9214.54,0,0
1,1,9502.94,0,0
1,1,1524.64,0,0
1,1,2071.13,0,0
1,1,1552.28,0,0
1,1,793.952,0,0
0.997936,1,1413.17,0,0
1,11,1,2513.99,0,0
1,1,1889.03,0,0
1,1,2143.45,0,0
1,1,2067.96,0,0
1,1,903.369,0,0
1,1,2400.53,0,0
1,1,2959.68,0,0
1,1,1585.02,0,0
1,1,1880.44,0,0
1,1,2057.78,0,0
1,1,1309.69,0,0
1,1,1205.5,0,0
1,1,687.518,0,0
1,1,550.748,0,0
1,1,1020.14,0,0
1,1,1138.45,0,0
1,1,3564.06,0,0
1,1,495.798,0,0
1,1,308.281,0,0
1,1,416.8,0,0
1,1,569.494,0,0
1,1,1168.9,0,0
1,1,1287.73,0,0
0.996934,1,41.3294,0,0
1,0.97726,27.139,0,0
1,0.970594,27.139,0,0
0.987465,0.968796,9.05,0,0
0.969368,0.955528,9.05,0,0
0.951814,0.925768,9.05,0,0
0.919899,0.905915,9.05,0,0
0.926908,0.955279,9.05,0,0
0.900388,0.961145,9.05,0,0
0.871303,1,54.4767,0,0
0.919402,1,443.304,0,0
1,1,2534.08,0,0
1,1,473.153,0,0
1,1,20.4314,0,0
1,1,180.178,0,0
0.970355,0.975589,9.05,0,0
0.953446,1,212.348,0,0
0.978717,1,441.97,0,0
0.956412,0.991415,9.05,0,0
0.96849,1,706.987,0,0
1,1,1055.71,0,0
0.998901,1,658.566,0,0
0.970215,0.976844,9.05,0,0
0.94041,0.949092,9.05,0,0
0.924673,0.90705,9.05,0,0
0.928755,0.892864,9.05,0,0
0.902578,0.866337,9.05,0,0
0.884597,0.835477,9.05,0,0
0.869731,0.815978,9.05,0,0
0.867349,0.794541,9.05,0,0
0.848407,0.779214,27.139,0,0
0.841691,0.777221,27.139,0,0
0.836492,0.753987,27.139,0,0
0.816193,0.740292,31.016,0,0
0.861571,0.897032,27.139,0,0
0.86256,0.882313,27.139,0,0
0.879454,0.90582,27.139,0,0
0.996525,1,504.655,0,0
1,1,898.252,0,0
1,1,404.731,0,0
0.998714,1,57.0014,0,0
0.998278,1,404.048,0,0
0.998712,1,1060.37,0,0
1,1,597.007,0,0
1,1,233.321,0,0
1,1,2242.97,0,0
1,1,3361.81,0,0
1,1,5066.48,0,0
1,1,600.432,0,0
0.999965,0.997893,27.139,0,0
1,0.988095,27.139,0,0
1,1,430.937,0,0
0.999994,1,54.1189,0,0
1,1,933.287,0,0
1,0.994621,27.139,0,0
1,0.988514,9.05,0,0
1,1,915.752,0,0
1,1,262.93,0,0
0.997962,0.993758,9.05,0,0
0.9935,1,861.651,0,0
1,1,491.027,0,0
1,1,49.7322,0,0
0.962025,0.976826,9.05,0,0
0.935756,0.977102,9.05,0,0
0.908081,1,114.002,0,0
0.89349,1,321.021,0,0
0.875303,1,92.4353,0,0
0.84595,0.977863,9.05,0,0
0.825542,0.974255,9.05,0,0
0.96127,1,18416.7,0,0
0.955134,1,1928.04,0,0
0.954656,1,1255.49,0,0
0.951029,1,6797,0,0
0.956107,1,1188.17,0,0
0.959345,1,1438.91,0,0
0.936888,1,161.311,0,0
0.937842,1,32.4694,0,0
0.941493,1,59.0998,0,0
0.952996,1,424.364,0,0
0.978712,1,174.869,0,0
0.97921,1,803.571,0,0
0.978561,1,587.491,0,0
1,1,1207.35,0,0
1,1,2588.49,0,0
1,1,1582.33,0,0
1,1,195.209,0,0
1,1,866.141,0,0
1,1,2582.14,0,0
1,1,1356.49,0,0
1,1,5267.74,0,0
1,1,4094.05,0,0
1,1,1693.24,0,0
1,1,833.297,0,0
1,1,1074.89,0,0
1,1,7586.82,0,0
1,1,2072.75,0,0
1,1,3024.63,0,0
1,1,3581.41,0,0
1,1,1299.29,0,0
1,1,224.334,0,0
1,1,2627.06,0,0
1,1,534.719,0,0
1,1,3544.28,0,0
1,1,1051.06,0,0
0.997226,1,165.091,0,0
0.996428,1,399.677,0,0
1,1,2467.15,0,0
1,1,502.275,0,0
0.996197,1,465.049,0,0
0.995947,1,386.729,0,0
1,1,1638.36,0,0
0.996439,1,2510.05,0,0
1,1,1920.05,0,0
1,1,907.98,0,0
0.977021,1,362.289,0,0
0.984248,1,196.004,0,0
0.96948,0.999058,9.05,0,0
0.940688,1,11.4766,0,0
0.898133,1,456.579,0,0
0.883274,0.985293,9.05,0,0
0.858468,0.954907,9.05,0,0
0.84532,0.956999,9.05,0,0
0.825213,0.929017,9.05,0,0
0.844963,0.887953,9.05,0,0
0.897263,0.924384,9.05,0,0
0.909164,1,17.5319,0,0
1,1,798.512,0,0
1,1,60.8094,0,0
1,1,127.993,0,0
1,1,1990.41,0,0
0.998991,1,1914.42,0,0
0.997523,1,1722.16,0,0
0.995075,1,6626.17,0,0
0.992493,1,1428.53,0,0
0.997562,1,261.514,0,0
1,1,1213.58,1,1,1200.63,0,0
1,1,2527.28,0,0
1,1,2627.32,0,0
1,1,2046.45,0,0
1,1,3926.47,0,0
1,1,4097.82,0,0
1,1,5389.01,0,0
1,1,3075.29,0,0
1,1,820.189,0,0
1,1,1054.11,0,0
1,1,1150,0,0
1,1,1231.21,0,0
1,1,1473.24,0,0
1,1,1023.6,0,0
1,1,2165.62,0,0
1,1,725.363,0,0
1,1,892.681,0,0
1,1,4656.72,0,0
1,1,657.088,0,0
1,1,1220.8,0,0
0.994059,0.992964,27.139,0,0
0.971705,1,145.449,0,0
0.967506,0.993317,9.05,0,0
0.935183,0.978248,9.05,0,0
0.900524,0.962611,9.05,0,0
0.857725,0.933997,9.05,0,0
0.846594,0.973867,9.05,0,0
0.842998,0.993974,9.05,0,0
0.835383,0.967944,9.05,0,0
0.812365,0.939263,9.05,0,0
0.782485,0.925119,9.05,0,0
0.759375,0.952946,9.05,0,0
0.746096,0.947616,9.05,0,0
0.731608,0.957296,9.05,0,0
0.730949,0.965033,9.05,0,0
0.732351,0.985155,9.05,0,0
0.747001,0.97398,9.05,0,0
0.725277,0.95729,9.05,00.739149,0.860015,9.05,0,0
0.724968,0.85708,9.05,0,0
0.712068,0.827223,9.05,0,0
0.702711,0.811689,9.05,0,0
0.671882,0.775563,9.05,0,0
0.647859,0.750908,9.05,0,0
0.614554,0.726015,9.05,0,0
0.597668,0.701631,9.05,31.7299,0
0.574379,0.637661,9.05,439.051,0
0.584047,0.449756,9.05,269.962,0
0.584279,0.319938,9.05,63.097,63.49
0.571561,0.258627,9.05,0,0
0.552537,0.227371,27.139,0,0
0.531723,0.198612,27.139,0,0
0.537637,0.178057,27.139,0,0
0.550502,0.25434,31.016,0,0
0.61138,0.343306,27.139,0,0
0.736732,0.44579,27.139,0,0
0.754131,0.454293,27.139,0,0
0.798934,0.54789,27.139,0,0
0.838861,0.571225,27.139,0,0
0.856485,0.624385,27.139,0,0
0.912893,0.774275,27.139,0,0
0.946814,0.788399,27.139,0,0
1,0.819098,27.139,0,0
1,1,56.7,0,0
1,1,260.495,0,0
1,1,122.03,0,0
1,1,102.089,0,0
0.993061,0.999534,27.139,0,0
0.978957,1,103.906,0,0
0.964365,0.990151,27.139,0,0
0.995634,1,945.098,0,0
0.98035,1,32.6168,0,0
0.962942,0.983799,27.139,0,0
0.964176,0.96865,27.139,0,0
0.950823,0.946227,27.139,0,0
0.937722,0.92406,9.05,0,0
0.929053,0.898744,9.05,0,0
0.927617,0.857833,9.05,0,0
0.929823,0.824692,9.05,0,0
0.97907,0.844336,9.05,0,0
0.980462,0.921874,9.05,0,0
0.973822,0.957447,9.05,0,0
0.938924,0.945371,9.05,0,0
0.937018,0.942797,9.05,0,0
0.922963,0.927607,9.05,0,0
0.924987,0.910606,9.05,0,0
0.949749,0.901569,9.05,0,0
0.934386,0.867317,9.05,0,0
0.910119,0.85648,9.05,0,0
0.892188,0.809904,9.05,0,0
0.866314,0.772208,9.05,0,0
0.856188,0.735656,9.05,0,0
0.853498,0.718563,9.05,0,0
0.833582,0.6973,9.05,0,0
0.824862,0.73021,9.05,0,0
0.797907,0.701779,9.05,0,0
0.781887,0.678981,9.05,0,0
0.765449,0.67676,9.05,0,0
0.744949,0.647848,9.05,0,0
0.745225,0.63182,9.05,0,0
0.762184,0.668475,9.05,0,0
0.759044,0.656396,9.05,0,0
0.74705,0.690132,27.139,0,0
0.75085,0.667066,27.139,0,0
0.740289,0.675377,27.139,0,0
0.864927,1,305.453,0,0
0.914422,1,512.648,0,0
0.928785,1,110.377,0,0
0.957149,1,327.589,0,0
1,1,924.269,0,0
1,1,220.705,0,0
1,1,988.603,0,0
1,1,904.865,0,0
1,1,416.314,0,0
1,1,863.745,0,0
1,1,2518.91,0,0
1,1,501.088,0,0
1,1,905.901,0,0
1,1,458.24,0,0
0.997122,1,218.056,0,0
1,1,283.956,0,0
1,1,1015.48,0,0
0.984524,1,199.053,0,0
0.965699,0.970454,27.139,0,0
0.947607,0.948034,27.139,0,0
0.930428,0.919538,27.139,0,0
0.963067,1,119.53,0,0
0.977436,1,21.5754,0,0
0.959307,1,236.291,0,0
0.965332,1,408.112,0,0
0.973134,1,296.987,0,0
0.950518,0.977248,9.05,0,0
0.939794,1,21.5053,0,0
0.992486,1,1553.19,0,0
0.955924,0.979259,9.05,0,0
0.924,0.971779,9.05,0,0
0.949223,1,112.301,0,0
0.921363,0.986919,9.05,0,0
0.904063,0.973309,9.05,0,0
0.895626,0.979469,9.05,0,0
0.855119,0.942776,9.05,0,0
0.964509,0.97671,9.05,0,0
0.945581,0.954819,9.05,0,0
0.973263,0.933023,9.05,0,0
0.968038,0.93198,9.05,0,0
0.948649,0.9113,9.05,0,0
0.930241,0.876241,9.05,0,0
0.895176,0.845665,9.05,0,0
0.877493,0.807641,9.05,0,0
0.8735,0.774227,9.05,0,0
0.952879,0.762491,9.05,0,0
0.964837,0.811036,9.05,0,0
0.967511,0.801941,9.05,0,0
0.973054,0.8051,9.05,0,0
0.949597,0.769887,27.139,0,0
0.963485,0.741089,27.139,0,0
0.951603,0.715263,27.139,0,0
0.958841,0.886256,31.016,0,0
0.952986,0.888981,27.139,0,0
0.953219,0.932045,27.139,0,0
0.952736,1,1633.46,0,0
0.94982,1,8725.96,0,0
0.947948,1,504.317,0,0
0.945973,1,889.317,0,0
0.947004,1,5048.34,0,0
0.943316,1,562.766,0,0
0.942689,1,291.419,0,0
0.939644,1,593.36,0,0
0.936476,1,504.627,0,0
0.933014,0.945814,1,544.371,0,0
0.942386,1,2218.78,0,0
0.939427,1,1451.66,0,0
0.936978,1,771.532,0,0
0.93325,1,550.552,0,0
0.930963,1,548.556,0,0
0.901142,0.992244,27.139,0,0
0.87257,0.977917,27.139,0,0
0.841506,0.966491,27.139,0,0
0.825476,0.968319,27.139,0,0
0.790522,0.971814,27.139,0,0
0.885197,1,580.658,0,0
0.896815,1,45.7374,0,0
0.875201,1,141.336,0,0
0.886328,1,365.682,0,0
0.966574,0.990354,9.05,0,0
0.943724,1,82.5165,0,0
0.966526,1,317.988,0,0
0.96278,1,66.9239,0,0
0.968376,1,367.999,0,0
0.972986,0.986545,9.05,0,0
0.97001,1,109.653,0,0
0.983436,1,44.2968,0,0
0.952364,1,153.097,0,0
0.951491,0.995479,9.05,0,0
0.988643,1,1913.69,0,0
0.995998,1,2841.54,0,0
0.995998,1,6658.37,0,0
0.96473,1,20.6116,0,0
0.959351,0.965622,9.05,0,0
0.941856,0.972149,9.05,0,0
0.915861,0.956456,9.05,0,0.880493,0.884811,9.05,0,0
0.885176,0.855689,9.05,0,0
0.86655,0.847223,9.05,0,0
0.853005,0.82509,9.05,0,0
0.838663,0.843606,9.05,0,0
0.851623,1,363.06,0,0
0.853639,1,463.283,0,0
0.852662,1,197.754,0,0
0.845107,0.984225,34.893,0,0
0.937136,1,296.732,0,0
0.981319,1,2971.94,0,0
0.980779,1,1454.94,0,0
0.980415,1,1025.63,0,0
0.978733,1,473.811,0,0
0.980349,1,2821.28,0,0
0.980291,1,3521.84,0,0
0.979598,1,3752.66,0,0
0.983126,1,2241.58,0,0
0.981705,1,1926.09,0,0
0.982244,1,1130.27,0,0
0.981093,1,2308.37,0,0
0.980297,1,4594.6,0,0
0.97863,1,1849.98,0,0
0.981655,1,1136.13,0,0
0.978922,1,728.936,0,0
0.981078,1,242.467,0,0
0.992727,1,2225.56,0,0
0.993646,1,1073.54,0,0
0.994554,1,802.916,0,0
1,1,1222.14,0,0
1,1,892.169,0,0
1,1,1023.67,0,0
0.989431,1,805.588,0,0
0.983972,1,1310.92,0,0
0.985436,1,537.932,0,0
0.981881,1,212.934,0,0
0.96729,0.982157,9.05,0,0
0.947301,0.966838,9.05,0,0
0.971053,1,162.015,0,0
0.950385,1,65.5671,0,0
0.999937,1,408.738,0,0
0.996458,1,295.44,0,0
0.967489,0.986924,9.05,0,0
0.955238,0.994295,9.05,0,0
0.932497,0.971755,9.05,0,0
0.892804,0.922967,9.05,0,0
0.872099,0.879751,9.05,0,0
0.85442,0.846034,9.05,0,0
0.816391,0.811247,9.05,0,0
0.791882,0.794252,9.05,0,0
0.7835,0.770932,9.05,0,0
0.783948,0.754978,9.05,0,0
0.803583,0.73612,9.05,0,0
0.883683,0.737364,9.05,0,0
0.892927,0.726956,9.05,0,0
0.918452,0.742426,9.05,0,0
1,0.737143,9.05,0,0
1,0.72122,27.139,0,0
1,0.749284,27.139,0,0
1,0.76794,27.139,0,0
1,0.810954,31.016,0,0
1,0.934347,27.139,0,0
1,1,637.504,0,0
1,1,1918.98,0,0
1,1,2446.07,0,0
1,1,752.542,0,0
1,1,2397.59,0,0
1,1,849.36,0,0
1,1,1373.66,0,0
1,1,1355.35,0,0
1,1,2842.77,0,0
1,1,6149.69,0,0
1,1,2090.66,0,0
1,1,1151.89,0,0
1,1,1207.3,0,0
1,1,1456.54,0,0
1,1,538.51,0,0
1,1,403.119,0,0
1,1,58.0448,0,0
1,0.98661,27.139,0,0
1,1,897.603,0,0
1,1,486.685,0,0
0.971286,1,74.52,0,0
0.956127,1,26.2656,0,0
0.949352,1,446.166,0,0
0.95139,1,274.04,0,0
0.949548,0.967827,9.05,0,0
0.954336,0.954788,9.05,0,0
0.988072,1,27.4445,0,0
0.964322,1,226.622,0,0
0.938474,1,86.4873,0,0
1,1,248.059,0,0
1,1,265.571,0,0
1,0.987855,9.05,0,0
1,0.967269,9.05,0,0
1,0.97949,9.05,0,0
1,0.965653,9.05,0,0
1,1,92.5202,0,0
1,0.989637,9.05,0,0
1,1,553.958,0,0
1,1,1588.64,0,0
1,1,1599.35,0,0
1,1,5458.28,0,0
1,1,753.363,0,0
1,1,571.085,0,0
1,1,2616.1,0,0
1,1,3771.8,0,0
1,1,43021.8,0,0
1,1,23282.9,0,0
1,1,15865.4,0,0
1,1,24313.9,0,0
1,1,7205.69,0,0
1,1,2051.3,0,0
1,1,621.574,0,0
1,1,5853.85,0,0
1,1,6595.33,0,0
1,1,3043.02,0,0
1,1,6276.15,0,0
1,1,3592.67,0,0
1,1,882.824,0,0
1,1,1179.6,0,0
1,1,2762.74,0,0
1,1,2654.34,0,0
1,1,1964.66,0,0
1,1,1284.92,0,0
1,1,723.431,0,0
1,1,1457.66,0,0
1,1,415.154,0,0
1,1,445.645,0,0
1,1,148.426,0,0
1,1,314.056,0,0
1,1,301.976,0,0
1,0.996876,27.139,0,0
0.99824,0.957797,27.139,0,0
0.997431,0.951076,9.05,0,0
0.99869,0.969884,9.05,0,0
0.997486,1,205.997,0,0
0.997187,1,650.596,0,0
1,1,1074.52,0,0
1,1,3136.73,0,0
1,0.964338,9.05,0,0
0.971033,0.929803,9.05,0,0
1,0.928037,9.05,0,0
1,0.908486,9.05,0,0
0.99508,0.888084,9.05,0,0
0.9838,0.860468,9.05,0,0
1,0.831033,9.05,0,0
0.987151,0.825808,9.05,0,0
0.984247,0.802477,9.05,0,0
0.961352,0.768179,9.05,0,0
0.933644,0.724454,9.05,0,0
0.89348,0.679348,9.05,0,0
0.859658,0.636354,9.05,0,0
0.860347,0.625315,9.05,0,0
0.86671,0.614626,9.05,0,0
0.857463,0.591436,9.05,0,0
0.829942,0.566699,9.05,0,0
0.859313,0.607024,9.05,0,0
0.852065,0.614726,9.05,0,0
0.852073,0.748078,9.05,0,0
0.846489,0.729753,9.05,0,0
0.849434,0.768402,27.139,0,0
0.879587,1,664.135,0,0
0.934131,1,1436.61,0,0
1,1,6144.98,0,0
0.998676,1,491.094,0,0
1,1,2222,0,0
1,1,4641.11,0,0
1,1,6618.93,0,0
0.999405,1,542.251,0,0
1,1,1009.26,0,0
1,1,2279.91,0,0
1,1,565.682,0,0
0.996883,1,159.003,0,0
0.998934,1,536.431,0,0
0.997875,1,1042.25,0,0
1,1,936.82,0,0
0.99879,1,244.339,0,0
0.999798,1,478.181,0,0
0.99274,1,146.398,0,0
1,1,158.443,0,0
1,1,54.6429,0,0
0.973446,0.998052,27.139,0,0
0.98398,1,115.736,0,0
0.966295,1,109.47,0,0
0.940769,1,113.3,0,0
0.952263,1,100.102,0,0
0.918821,0.967755,9.05,0,0
0.892562,0.96975,9.05,0,0
0.852272,0.936969,9.05,0,0
0.829655,0.938374,9.05,0,0
0.811104,0.894083,9.05,0,0
0.787438,0.866728,9.05,0,0
0.758001,0.82808,9.05,0,0
0.718428,0.804887,9.05,0,0
0.699301,0.753082,9.05,0,0
0.663245,0.696544,9.05,0,0
0.632234,0.663548,9.05,0,0
0.623363,0.625042,9.05,0,0
0.593575,0.632152,9.05,103.325,0
0.555579,0.610193,9.05,767.863,0
0.566863,0.352249,9.05,268.242,63.49
0.540317,0.207986,9.05,0,0
0.51686,0.18488,9.05,0,0
0.510566,0.156763,9.05,0,0
0.503152,0.201821,9.05,0,0
0.482573,0.229861,9.05,0,0
0.466295,0.221353,9.05,0,0
0.476043,0.288757,9.05,0,0
0.491497,0.388481,9.05,498.275,63.49
0.507804,0.41099,9.05,641.183,63.49
0.522365,0.422225,9.05,712.519,63.49
0.547388,0.382201,9.05,458.403,63.49
0.579885,0.500661,27.139,324.663,0
0.602678,0.676146,27.139,0,0
0.611952,0.724101,27.139,0,0
0.62167,0.741205,34.893,0,0
0.748028,0.94199,27.139,0,0
1,1,5323.48,0,0
1,1,851.04,0,0
1,1,1456.78,0,0
1,1,1206.57,0,0
1,1,4836.43,0,0
1,1,3009.87,0,0
1,1,2847.1,0,0
1,1,1036.45,0,0
1,1,1674.91,0,0
1,1,2565.01,0,0
1,1,2831.85,0,0
1,1,5662.68,0,0
1,1,2912.68,0,0
1,1,1264.74,0,0
1,1,420.697,0,0
1,1,633.199,0,0
1,1,822.62,0,0
1,1,2034.36,0,0
1,1,212.785,0,0
1,1,216.767,0,0
0.987313,1,256.126,0,0
0.966675,1,59.2155,0,0
0.946912,0.975295,9.05,0,0
0.924528,0.957946,9.05,0,0
0.920298,1,199.018,0,0
0.900476,0.986662,9.05,0,0
0.894165,0.972828,9.05,0,0
0.859636,0.950295,9.05,0,0
0.841253,0.961996,9.05,0,0
0.822134,0.987278,9.05,0,0
0.793083,0.998762,9.05,0,0
0.773194,0.977806,9.05,0,0
0.757534,0.962053,9.05,0,0
0.736497,0.959708,9.05,0,0
0.708383,0.920616,9.05,0,0
0.675263,0.879925,9.05,0,0
0.650369,0.839484,9.05,0,0
0.62293,0.78843,9.05,0,0
0.626063,0.777044,9.05,0,0
0.604499,0.854876,9.05,0,0
0.590451,0.950886,9.05,157.958,0
0.597297,1,282.976,0,0
0.590807,1,196.095,0,0
0.619427,1,935.016,0,0
0.596326,0.990928,9.05,55.2028,0
0.572293,1,266.118,218.47,0
0.601651,1,346.84,0,0
0.608787,1,549.932,0,0
0.698239,1,2125.01,0,0
0.711783,1,504.522,0,0
0.709805,1,169.771,0,0
0.697642,0.988832,27.139,0,0
0.717356,1,161.843,0,0
0.720654,1,127.645,0,0
0.755852,1,327.002,0,0
0.814685,1,538.2,0,0
0.928658,1,575.486,0,0
1,1,2410.54,0,0
1,1,1706.56,0,0
1,1,1459.22,0,0
1,1,4689.78,0,0
1,1,234.351,0,0
1,1,3556.16,0,0
1,1,741.3,0,0
1,1,537.754,0,0
1,1,999.683,0,0
1,1,1290.4,0,0
0.988192,1,158.221,0,0
1,1,613.871,0,0
0.996896,1,175.673,0,0
0.995896,1,110.448,0,0
0.992472,1,424.207,0,0
0.965549,1,13.0081,0,0
0.935052,0.992134,9.05,0,0
0.924396,1,240.482,0,0
0.923608,1,102.622,0,0
0.98092,1,1476.82,0,0
0.992265,1,933.952,0,0
0.996847,1,20.6104,0,0
0.968667,0.960072,9.05,0,0
0.939845,0.954554,9.05,0,0
0.90122,0.932191,9.05,0,0
0.863458,0.910136,9.05,0,0
0.838898,0.874405,9.05,0,0
0.817645,0.841627,9.05,0,0
0.792757,0.802576,9.05,0,0
0.751222,0.784124,9.05,0,0
0.717131,0.729389,9.05,0,0
0.676126,0.693099,9.05,0,0
0.656388,0.649079,9.05,0,0
0.620087,0.604107,9.05,0,0
0.586614,0.573051,9.05,225.065,0
0.527257,0.430414,9.05,764.512,63.49
0.507894,0.115811,9.05,0,0
0.486252,0.0678775,9.05,0,0
0.472193,0.0273122,9.05,0,0
0.454613,0,9.05,0,0
0.452976,0,9.05,0,0
0.442615,0,9.05,0,0
0.435982,0,27.139,0,0
0.424502,0.0058021,27.139,0,0
0.411614,0.00799741,27.139,0,0
0.401736,0,31.016,0,0
0.412814,0.000367837,27.139,0,0
0.472435,0.103293,27.139,0,0
0.588303,0.35556,27.139,177.435,0
0.789761,0.655173,27.139,0,0
0.80992,0.650179,27.139,0,0
0.950424,0.759219,27.139,0,0
0.9518,0.900444,27.139,0,0
0.951686,0.955727,27.139,0,0
0.955793,0.989962,27.139,0,0
0.964912,1,2090.42,0,0
0.976587,1,1001.54,0,0
0.981402,1,110.017,0,0
0.988611,1,126.971,0,0
0.97171,0.972615,27.139,0,0
0.947145,0.944767,27.139,0,0
0.919712,0.915618,27.139,0,0
0.983846,1,995.565,0,0
0.971308,1,31.3378,0,0
0.984024,1,31.7677,0,0
0.972761,0.975858,27.139,0,0
0.95502,0.965699,27.139,0,0
0.924083,0.928315,9.05,0,0
0.907914,0.896424,9.05,0,0
0.897439,0.883567,9.05,0,0
0.856025,0.86271,9.05,0,0
0.823789,0.838705,9.05,0,0
0.805661,0.796026,9.05,0,0
0.779754,0.747397,9.05,0,0
0.781048,0.720944,9.05,0,0
0.76468,0.682798,9.05,0,0
0.750262,0.63301,9.05,0,0
0.721394,0.595153,9.05,0,0
0.912462,0.577822,9.05,0,0
0.898016,0.54057,9.05,0,0
0.962426,0.617611,9.05,0,0
0.956245,0.567197,9.05,0,0
0.935573,0.523412,9.05,0,0
0.958767,0.509497,9.05,0,0
0.980315,0.488835,9.05,0,0
0.999405,0.457791,9.05,0,0
0.996392,0.466246,9.05,0,0
0.972642,0.432664,9.05,0,0
0.964292,0.426109,9.05,0,0
0.964532,0.445673,9.05,0,0
0.949387,0.436753,9.05,0,0
1,0.701405,9.05,0,0
1,0.77466,9.05,0,0
1,0.756309,9.05,0,0
0.980743,0.815095,27.139,0,0
0.967595,0.860899,27.139,0,0
0.970887,0.878912,27.139,0,0
1,1,4129.32,0,0
0.998817,1,1359.02,0,0
0.99818,1,1147.17,0,0
1,1,1377.9,0,0
1,1,1465.19,0,0
1,1,3121.02,0,0
1,1,1015.59,0,0
1,1,302.185,0,0
1,1,910.569,0,0
1,1,2793.04,0,0
1,1,1191.63,0,0
1,1,2702.28,0,0
1,1,2305.33,0,0
1,1,942.131,0,0
1,1,1037.04,0,0
0.994756,1,187.306,0,0
0.999891,1,893.502,0,0
0.986018,1,360.516,0,0
0.972603,1,154.543,0,0
0.948362,0.978396,27.139,0,0
0.950368,0.961925,27.139,0,0
0.933323,0.984395,27.139,0,0
0.895747,0.967962,9.05,0,0
0.863082,0.955033,9.05,0,0
0.82595,0.921923,9.05,0,0
0.815116,0.893834,9.05,0,0
0.783027,0.841945,9.05,0,0
0.757808,0.803658,9.05,0,0
0.733722,0.778086,9.05,0,0
0.710618,0.758179,9.05,0,0
0.683888,0.745132,9.05,0,0
0.713137,0.80622,9.05,0,0
0.686052,0.779785,9.05,0,0
0.670077,0.876764,9.05,0,0
0.648125,0.869944,9.05,0,0
0.645109,0.877223,9.05,0,0
0.627633,0.873642,9.05,0,0
0.621122,0.849324,9.05,0,0
0.612252,0.830697,9.05,0,0
0.597319,0.801014,9.05,37.8451,0
0.566911,0.745261,9.05,569.657,0
0.543601,0.520384,9.05,977.349,0
0.535573,0.15513,9.05,0,0
0.512491,0.12154,9.05,0,0
0.481529,0.107671,9.05,0,0
0.456788,0.0808247,9.05,0,0
0.439597,0.0531006,9.05,0,0
0.431214,0.0173058,9.05,0,0
0.424341,0.00283565,9.05,0,0
0.402018,0,27.139,0,0
0.391782,0,27.139,0,0
0.379698,0,27.139,0,0
0.437021,0.141195,34.893,0,0
0.421189,0.113262,27.139,0,0
0.408518,0.0907912,27.139,0,0
0.4279,0.114268,27.139,0,0
0.446191,0.108401,27.139,0,0
0.430339,0.0712693,27.139,0,0
0.41538,0.0605605,27.139,0,0
0.502135,0.328328,27.139,116.362,63.49
0.619584,0.649402,27.139,0,0
0.626149,0.683805,27.139,0,0
0.628757,0.845806,27.139,0,0
0.739681,0.872636,27.139,0,0
0.922188,1,498.099,0,0
0.925511,1,2818.55,0,0
0.927692,1,1040.12,0,0
0.928036,1,831.899,0,0
0.929457,1,1455.72,0,0
0.924796,1,51.568,0,0
0.909568,0.978092,27.139,0,0
0.898944,0.957354,27.139,0,0
0.899194,0.929209,27.139,0,0
0.885149,0.938016,27.139,0,0
0.930199,0.985712,9.05,0,0
0.894218,0.953142,9.05,0,0
0.855909,0.90702,9.05,0,0
0.835792,0.869993,9.05,0,0
0.814798,0.830437,9.05,0,0
0.78394,0.790942,9.05,0,0
0.74389,0.764101,9.05,0,0
0.915879,0.821002,9.05,0,0
0.914547,0.811496,9.05,0,0
0.901305,0.797473,9.05,0,0
0.890268,0.77066,9.05,0,0
0.856463,0.733581,9.05,0,0
0.82012,0.697014,9.05,0,0
0.79551,0.667475,9.05,0,0
0.760396,0.629154,9.05,0,0
0.730442,0.588427,9.05,0,0
0.703305,0.57414,9.05,0,0
0.715232,0.630499,9.05,0,0
0.686069,0.602949,9.05,0,0
0.684374,0.605692,9.05,0,0
0.674206,0.620752,9.05,0,0
0.659745,0.592103,9.05,0,0
0.635615,0.557286,9.05,0,0
0.611222,0.521478,9.05,0,0
0.59264,0.495205,9.05,119.673,0
0.574666,0.404782,9.05,434.03,0
0.57802,0.297279,9.05,0,0
0.618754,0.970812,27.139,0,0
0.627628,1,508.14,0,0
0.668565,1,1171.72,0,0
0.658985,0.968457,31.016,0,0
0.835159,1,406.707,0,0
0.961193,1,2422.84,0,0
0.981049,1,250.814,0,0
1,1,944.604,0,0
1,1,970.108,0,0
1,1,1923.93,0,0
1,1,145.775,0,0
1,1,1138.76,0,0
1,1,1985.53,0,0
1,1,357.577,0,0
1,1,604.064,0,0
1,1,870.035,0,0
1,1,1155.83,0,0
1,1,377.946,0,0
0.992153,0.998154,27.139,0,0
0.965981,0.972563,27.139,0,0
0.992593,0.987913,27.139,0,0
0.998397,0.995105,27.139,0,0
0.99528,1,152.609,0,0
0.994562,1,183.751,0,0
0.994834,1,194.558,0,0
1,0.992582,9.05,0,0
0.99591,1,13.6584,0,0
0.999241,1,664.314,0,0
0.993887,1,352.718,0,0
0.968679,1,406.117,0,0
0.985708,0.987273,9.05,0,0
0.982874,0.964482,9.05,0,0
0.971235,0.918739,9.05,0,0
0.936724,0.870149,9.05,0,0
0.908661,0.82005,9.05,0,0
0.882141,0.772535,9.05,0,0
0.879272,0.741927,9.05,0,0
0.864175,0.706692,9.05,0,0
0.851399,0.703005,9.05,0,0
0.805852,0.651537,9.05,0,0
0.768526,0.592067,9.05,0,0
0.757127,0.558943,9.05,0,0
0.800446,0.54853,9.05,0,0
0.805195,0.50521,9.05,0,0
0.826688,0.525627,9.05,0,0
0.886678,0.519059,9.05,0,0
0.993005,0.560506,9.05,0,0
1,0.544548,9.05,0,0
1,0.537298,9.05,0,0
1,0.570666,9.05,0,0
1,0.596465,9.05,0,0
1,0.599352,9.05,0,0
1,0.624042,27.139,0,0
1,0.637653,27.139,0,0
1,0.685492,27.139,0,0
1,0.904818,31.016,0,0
1,0.91718,27.139,0,0
1,1,985.966,0,0
1,1,2043.01,0,0
1,1,462.473,0,0
1,1,271.679,0,0
1,1,39.9629,0,0
1,0.99799,27.139,0,0
1,1,1199.7,0,0
1,1,1948.26,0,0
1,1,1367.19,0,0
1,1,280.942,0,0
1,1,746.26,0,0
1,1,290.129,0,0
1,1,315.584,0,0
1,1,256.678,0,0
1,1,385.934,0,0
0.982255,1,78.3069,0,0
0.968082,0.978334,27.139,0,0
0.961534,0.980039,27.139,0,0
0.956696,0.963708,27.139,0,0
0.938493,0.930803,27.139,0,0
0.91365,0.954573,9.05,0,0
0.910322,0.972398,9.05,0,0
0.886916,0.935104,9.05,0,0
0.859012,0.912811,9.05,0,0
0.823692,0.887312,9.05,0,0
0.774856,0.934085,9.05,0,0
0.728511,0.895085,9.05,0,0
0.694108,0.849539,9.05,0,0
0.692354,0.84817,9.05,0,0
0.729636,0.800828,9.05,0,0
0.694834,0.759327,9.05,0,0
0.681045,0.705026,9.05,0,0
0.652547,0.661178,9.05,0,0
0.621013,0.616673,9.05,0,0
0.916711,1,3723.85,0,0
0.92338,1,70.5133,0,0
0.910546,0.980318,9.05,0,0
0.882432,0.938102,9.05,0,0
0.938719,0.907191,9.05,0,0
0.927378,0.902082,9.05,0,0
0.909686,0.874478,9.05,0,0
0.893322,0.854923,9.05,0,0
0.942078,0.937703,9.05,0,0
1,1,864.998,0,0
1,1,101.457,0,0
1,1,407.771,0,0
1,1,1830.58,0,0
0.980761,0.98806,27.139,0,0
1,1,679.437,0,0
1,1,690.028,0,0
1,1,1356.74,0,0
1,1,1735.96,0,0
1,1,978.118,0,0
1,1,1125.1,0,0
1,1,2935.59,0,0
1,1,606.395,0,0
1,1,2733.12,0,0
1,1,9764.11,0,0
1,1,4168.25,0,0
1,1,9987.28,0,0
1,1,560.871,0,0
1,1,3125.94,0,0
1,1,6886.76,0,0
1,1,7800.62,0,0
1,1,11340.7,0,0
1,1,5402.4,0,0
1,1,3268.74,0,0
1,1,4513.16,0,0
1,1,8543.99,0,0
1,1,3827.27,0,0
1,1,1280.06,0,0
0.996282,1,470.233,0,0
0.993459,1,398.087,0,0
0.980675,1,169.503,0,0
0.974437,1,105.471,0,0
0.9208,0.963484,9.05,0,0
0.89564,0.917408,9.05,0,0
0.86353,0.873916,9.05,0,0
0.811738,0.838826,9.05,0,0
0.793483,0.989159,9.05,0,0
0.802627,1,374.232,0,0
0.859073,1,2170.34,0,0
0.919653,1,1169.65,0,0
0.918126,1,1193.2,0,0
0.970688,1,4005.06,0,0
0.973452,1,2322.7,0,0
0.965491,1,161.314,0,0
0.981619,1,1866.82,0,0
0.958018,1,807.747,0,0
1,1,2517.45,0,0
1,1,1357.6,0,0
1,1,2775.63,0,0
1,1,2308.63,0,0
1,1,1772.48,0,0
0.990653,1,284.784,0,0
0.982501,0.982784,9.05,0,0
0.957519,0.967076,9.05,0,0
0.946606,0.970152,9.05,0,0
0.918575,0.963881,9.05,0,0
0.898654,0.976287,27.139,0,0
0.883674,0.971408,27.139,0,0
0.924333,0.984926,27.139,0,0
1,1,1163.9,0,0
1,1,4108,0,0
1,1,1381.57,0,0
1,0.978593,27.139,0,0
1,1,665.544,0,0
1,1,2653.82,0,0
1,1,1263.84,0,0
1,1,291.665,0,0
1,1,1662.82,0,0
1,1,8715.37,0,0
1,1,11702.3,0,0
1,1,3476.17,0,0
1,1,2151.1,0,0
1,1,4248,0,0
1,1,2368.51,0,0
1,1,2008.09,0,0
1,1,841.246,0,0
1,1,528.293,0,0
1,1,624.118,0,0
0.976463,1,145.063,0,0
1,1,115.486,0,0
1,1,1270.58,0,0
0.978862,0.992152,9.05,0,0
0.957431,1,235.091,0,0
0.995212,1,593.381,0,0
0.9928,1,1036.05,0,0
0.954944,1,107.255,0,0
0.981209,1,4397.54,0,0
0.976279,1,168.144,0,0
0.933222,0.985701,9.05,0,0
0.962333,1,1589.02,0,0
0.935726,1,141.32,0,0
0.920214,1,771.74,0,0
0.886056,1,332.59,0,0
0.92534,1,154.776,0,0
0.935221,0.962823,9.05,0,0
0.933414,0.961621,9.05,0,0
0.907282,0.918956,9.05,0,0
0.912556,0.869352,9.05,0,0
0.923846,0.89464,9.05,0,0
0.889312,0.85154,9.05,0,0
0.867299,0.823032,9.05,0,0
0.866476,0.80114,9.05,0,0
0.858594,0.766234,9.05,0,0
0.891694,0.871342,9.05,0,0
0.921678,0.855809,9.05,0,0
0.907355,0.824116,9.05,0,0
0.98326,0.879418,9.05,0,0
1,0.902793,9.05,0,0
0.98565,0.879716,27.139,0,0
1,1,820.757,0,0
1,1,652.305,0,0
1,1,1190.65,0,0
0.997864,1,5342.25,0,0
0.997173,1,485.047,0,0
1,1,1452.69,0,0
1,1,994.996,0,0
1,1,4221.1,0,0
1,1,3148.85,0,0
1,1,4704.37,0,0
1,1,1167.79,0,0
0.994394,1,2475.86,0,0
0.98847,1,646.724,0,0
0.983774,1,1695.27,0,0
0.983343,1,1967.8,0,0
0.979718,1,804.759,0,0
0.976182,1,1501.25,0,0
0.972926,1,790.435,0,0
0.969108,1,2531.83,0,0
0.968294,1,727.852,0,0
0.951546,0.989942,27.139,0,0
0.930239,0.951445,27.139,0,0
0.918955,0.927376,27.139,0,0
0.939389,0.940209,27.139,0,0
0.96547,1,1485.96,0,0
0.960182,1,339.405,0,0
0.929511,1,204.259,0,0
0.969585,1,687.118,0,0
1,1,516.273,0,0
1,1,609.2,0,0
1,1,203.072,0,0
1,1,852.261,0,0
1,1,587.983,0,0
0.997243,1,351.231,0,0
0.992734,0.961468,9.05,0,0
0.98837,0.950391,9.05,0,0
0.984157,0.932683,9.05,0,0
0.989202,0.904402,9.05,0,0
0.969188,0.867182,9.05,0,0
0.952001,0.839761,9.05,0,0
0.940773,0.804023,9.05,0,0
0.90379,0.75031,9.05,0,0
0.887203,0.717642,9.05,0,0
0.834857,0.677674,9.05,0,0
0.795087,0.640916,9.05,0,0
0.76748,0.602825,9.05,0,0
0.746285,0.565718,9.05,0,0
0.712315,0.526568,9.05,0,0
0.696243,0.503838,9.05,0,0
0.675736,0.464413,9.05,0,0
0.655609,0.439077,9.05,0,0
0.626811,0.417034,27.139,0,0
0.630812,0.420789,27.139,0,0
0.618993,0.440199,27.139,0,0
0.60199,0.403655,31.016,0,0
0.581938,0.38261,27.139,288.751,0
0.595588,0.305001,27.139,0,31.7515
0.663096,0.433333,27.139,0,0
0.664501,0.444828,27.139,0,0
0.66273,0.427768,27.139,0,0
0.663927,0.458104,27.139,0,0
0.820455,0.549707,27.139,0,0
0.920904,0.580052,27.139,0,0
1,0.661619,27.139,0,0
1,0.731554,27.139,0,0
0.991201,0.73671,27.139,0,0
1,0.756717,27.139,0,0
1,0.779875,27.139,0,0
1,0.885941,27.139,0,0
1,1,418.778,0,0
1,1,363.704,0,0
1,1,601.685,0,0
1,1,405.412,0,0
0.990466,1,53.9995,0,0
1,1,59.752,0,0
1,0.983461,27.139,0,0
0.983756,0.964606,9.05,0,0
0.953002,0.961816,9.05,0,0
0.928456,0.946008,9.05,0,0
0.944805,0.939247,9.05,0,0
1,0.983897,9.05,0,0
1,1,399.772,0,0
1,0.988092,9.05,0,0
1,1,919.098,0,0
1,1,677.402,0,0
1,1,322.042,0,0
0.99283,0.958961,9.05,0,0
1,0.925546,9.05,0,0
0.974676,0.880507,9.05,0,0
1,1,624.798,0,0
1,1,19.1371,0,0
0.995928,0.990132,9.05,0,0
0.993244,1,80.1312,0,0
0.99231,0.958161,9.05,0,0
0.999167,0.936475,9.05,0,0
0.990409,0.905365,9.05,0,0
0.984914,0.873591,9.05,0,0
0.962597,0.829951,9.05,0,0
0.996043,0.827683,9.05,0,0
1,0.815275,9.05,0,0
1,0.8114,9.05,0,0
1,0.804602,9.05,0,0
1,0.797754,9.05,0,0
1,0.791983,27.139,0,0
1,0.777063,27.139,0,0
1,0.772618,27.139,0,0
1,1,520.425,0,0
1,1,5241.9,0,0
1,1,1260.1,0,0
1,1,3038.18,0,0
1,1,1417.98,0,0
1,1,2423.6,0,0
1,1,2602.66,0,0
1,1,851.31,0,0
1,1,2719.76,0,0
1,1,504.198,0,0
1,1,60.9414,0,0
1,1,1292.61,0,0
1,1,483.958,0,0
0.991818,1,69.8649,0,0
1,1,2067.18,0,0
1,1,495.852,0,0
0.997675,0.971958,27.139,0,0
1,0.961123,27.139,0,0
1,1,279.346,0,0
1,1,176.123,0,0
0.987738,0.959876,27.139,0,0
0.949589,0.921437,27.139,0,0
0.93709,0.891326,9.05,0,0
0.945932,0.877922,9.05,0,0
0.954884,0.869849,9.05,0,0
1,0.9128,9.05,0,0
1,0.949912,9.05,0,0
1,0.973977,9.05,0,0
0.955849,0.925453,9.05,0,0
0.943844,0.902391,9.05,0,0
0.987703,0.894303,9.05,0,0
0.983587,0.879186,9.05,0,0
0.98025,0.874586,9.05,0,0
0.991566,0.858039,9.05,0,0
1,0.845202,9.05,0,0
0.999179,0.872878,9.05,0,0
0.998173,1,937.483,0,0
1,1,777.112,0,0
0.975656,0.98821,9.05,0,0
0.997391,1,411.932,0,0
1,1,906.568,0,0
1,1,755.628,0,0
1,1,564.976,0,0
1,1,367.408,0,0
1,1,5111.09,0,0
1,1,33321.7,0,0
1,1,12725.4,0,0
1,1,9208.87,0,0
1,1,9086.78,0,0
1,1,4852.84,0,0
1,1,11308.8,0,0
1,1,5460.73,0,0
1,1,3861.18,0,0
1,1,6413.09,0,0
1,1,9441.4,0,0
1,1,1365.73,0,0
1,1,4241.01,0,0
1,1,10348.8,0,0
1,1,1107.89,0,0
1,1,1656.25,0,0
1,1,442.855,0,0
1,1,4495.74,0,0
1,1,624.801,0,0
1,1,2474.98,0,0
1,1,838.832,0,0
1,1,2249.62,0,0
1,1,3192.33,0,0
1,1,3096.85,0,0
1,1,7897.86,0,0
1,1,1806.12,0,0
1,1,2997.62,0,0
1,1,256.699,0,0
1,1,265.391,0,0
0.975733,1,40.874,0,0
1,1,634.679,0,0
1,1,219.584,0,0
0.96397,1,32.5987,0,0
0.947322,0.99248,9.05,0,0
0.92649,1,206.775,0,0
1,0.9892,9.05,0,0
1,0.988509,9.05,0,0
1,1,274.795,0,0
1,0.955227,9.05,0,0
0.985863,0.928957,9.05,0,0
0.953729,0.873466,9.05,0,0
1,0.853109,9.05,0,0
1,0.815242,9.05,0,0
1,0.770043,9.05,0,0
0.972265,0.726255,9.05,0,0
0.952683,0.683092,9.05,0,0
0.917941,0.630017,9.05,0,0
0.910612,0.582965,9.05,0,0
0.908242,0.545081,9.05,0,0
0.894612,0.501468,9.05,0,0
0.91564,0.460474,9.05,0,0
0.917868,0.41592,9.05,0,0
0.894406,0.368565,9.05,0,0
0.88179,0.323797,9.05,0,0
0.876406,0.280197,9.05,0,0
0.854579,0.248762,9.05,0,0
0.83318,0.251696,9.05,0,0
0.841582,0.238962,27.139,0,0
0.835735,0.205954,27.139,0,0
0.881568,0.309607,27.139,0,0
1,0.457438,31.016,0,0
1,0.476023,27.139,0,0
1,0.461586,27.139,0,0
1,0.474929,27.139,0,0
1,0.474576,27.139,0,0
1,0.574899,27.139,0,0
1,0.721887,27.139,0,0
1,0.732611,27.139,0,0
1,0.747992,27.139,0,0
1,0.777381,27.139,0,0
1,0.880689,27.139,0,0
1,0.98121,27.139,0,0
0.988479,0.993722,27.139,0,0
1,1,422.83,0,0
1,1,811.884,0,0
1,1,307.747,0,0
1,1,280.662,0,0
1,1,411.451,0,0
1,1,482.022,0,0
0.999862,1,71.2318,0,0
1,1,66.2681,0,0
0.984123,1,328.922,0,0
0.988369,1,32.5498,0,0
0.988655,0.961638,9.05,0,0
0.956364,0.918226,9.05,0,0
0.932117,0.877149,9.05,0,0
0.87761,0.834863,9.05,0,0
0.852878,0.774702,9.05,0,0
0.834646,0.731676,9.05,0,0
0.781556,0.685406,9.05,0,0
0.724703,0.668526,9.05,0,0
0.692507,0.645554,9.05,0,0
0.654489,0.59535,9.05,0,0
0.639737,0.556593,9.05,0,0
0.605637,0.509267,9.05,0,0
0.579856,0.491077,9.05,343.256,0
0.60556,0.517385,9.05,0,0
0.62598,0.469116,9.05,0,0
0.647078,0.43064,9.05,0,0
0.728122,0.490302,9.05,0,0
0.691696,0.528249,9.05,0,0
0.678454,0.502237,9.05,0,0
0.688747,0.503717,9.05,0,0
0.673865,0.474975,9.05,0,0
0.650228,0.452202,9.05,0,0
0.61999,0.419663,9.05,0,0
0.626085,0.408753,9.05,0,0
0.624497,0.383198,9.05,0,0
0.657868,0.358519,9.05,0,0
0.71757,0.345955,27.139,0,0
0.99802,0.418572,27.139,0,0
1,0.414404,27.139,0,0
1,0.422632,31.016,0,0
1,0.491918,27.139,0,0
1,0.485076,27.139,0,0
1,0.494958,27.139,0,0
0.995744,0.50217,27.139,0,0
1,0.536766,27.139,0,0
1,0.588355,27.139,0,0
1,0.661667,27.139,0,0
1,0.714546,27.139,0,0
1,0.787464,27.139,0,0
1,0.885095,27.139,0,0
1,0.930963,27.139,0,0
1,1,601.898,0,0
1,1,643.126,0,0
1,1,1199.29,0,0
1,1,174.731,0,0
0.988036,0.999611,27.139,0,0
1,1,791.647,0,0
0.995384,1,207.435,0,0
0.98733,0.995603,27.139,0,0
0.977381,0.9811,27.139,0,0
0.953377,0.963503,27.139,0,0
0.932881,0.928442,9.05,0,0
0.906843,0.923393,9.05,0,0
0.889307,0.947769,9.05,0,0
0.856991,0.924807,9.05,0,0
0.835795,0.939244,9.05,0,0
0.803039,0.901174,9.05,0,0
0.755129,0.86593,9.05,0,0
0.754538,0.897506,9.05,0,0
0.945813,1,212.572,0,0
0.951674,1,510.244,0,0
0.955454,1,656.096,0,0
0.979481,1,771.681,0,0
0.991069,1,963.561,0,0
0.993802,1,2415.53,0,0
0.959644,1,13.7984,0,0
0.922146,0.953292,9.05,0,0
0.888835,0.949505,9.05,0,0
0.8462,0.947963,9.05,0,0
0.804203,0.936769,9.05,0,0
0.768353,0.938012,9.05,0,0
0.726095,0.909501,9.05,0,0
0.701939,0.870562,9.05,0,0
0.662223,0.867494,9.05,0,0
0.635996,0.938857,9.05,0,0
0.628846,1,495.54,0,0
0.609169,0.996712,9.05,0,0
0.587019,0.996832,9.05,217.988,0
0.564217,1,152.531,473.296,0
0.558374,1,267.756,460.272,0
0.540119,0.932674,27.139,1020.15,0
0.598141,0.907291,31.016,1.50404,0
0.931195,1,5131.8,0,0
0.941072,1,1220.08,0,0
0.956058,1,354.496,0,0
0.960686,1,57.1689,0,0
0.967642,1,300.476,0,0
0.976321,1,630.68,0,0
0.992684,1,2785.8,0,0
1,1,1757.48,0,0
1,1,2252.48,0,0
1,1,5765.97,0,0
1,1,466.146,0,0
1,1,175.307,0,0
1,1,513.792,0,0
1,1,492.82,0,0
1,1,122.428,0,0
1,0.974415,27.139,0,0
0.976695,0.970786,27.139,0,0
0.970634,0.941851,27.139,0,0
0.938982,0.903023,27.139,0,0
0.941243,0.910039,27.139,0,0
0.912605,0.917611,27.139,0,0
0.947139,1,199.565,0,0
1,1,1197.04,0,0
1,1,268.87,0,0
1,1,1594.36,0,0
0.971983,1,142.371,0,0
0.997051,1,992.91,0,0
1,1,147.598,0,0
0.995642,1,1428.75,0,0
0.995222,1,4586.88,0,0
0.994972,0.996835,9.05,0,0
0.97991,1,206.811,0,0
0.973974,0.992707,9.05,0,0
0.940151,0.9647,9.05,0,0
0.922673,0.977782,9.05,0,0
0.890206,0.920237,9.05,0,0
0.865917,0.874881,9.05,0,0
0.883815,0.843149,9.05,0,0
0.865515,0.812526,9.05,0,0
0.995898,1,480.192,0,0
0.996235,0.983693,9.05,0,0
0.990643,0.939141,9.05,0,0
0.989068,1,111.1,0,0
0.985306,1,229.247,0,0
0.992196,1,1749.37,0,0
0.990803,0.989906,9.05,0,0
1,1,1390.4,0,0
1,1,5389.85,0,0
1,1,2163.86,0,0
1,1,3644.85,0,0
1,1,1593.07,0,0
1,1,1034.55,0,0
1,1,825.631,0,0
1,1,1147.28,0,0
1,1,948.302,0,0
1,1,1648.22,0,0
1,1,3948.15,0,0
1,1,1480.33,0,0
1,1,1884.73,0,0
1,1,3255.2,0,0
1,1,9175.18,0,0
1,1,545.053,0,0
1,1,684.51,0,0
1,1,364.594,0,0
1,1,520.209,0,0
1,1,2419.08,0,0
1,1,602.992,0,0
1,1,381.35,0,0
1,1,1463.09,0,0
1,1,1746.75,0,0
1,1,350.578,0,0
1,1,42.4763,0,0
0.993723,0.968156,27.139,0,0
1,1,360.167,0,0
0.983391,1,173.253,0,0
0.924613,0.953066,9.05,0,0
0.904981,0.926553,9.05,0,0
0.880104,0.918062,9.05,0,0
0.860894,0.896658,9.05,0,0
0.848351,1,199.211,0,0
0.812134,0.970749,9.05,0,0
0.775359,0.921778,9.05,0,0
0.753796,0.86646,9.05,0,0
0.735132,0.826684,9.05,0,0
0.715096,0.77643,9.05,0,0
0.69345,0.738466,9.05,0,0
0.671431,0.681784,9.05,0,0
0.623598,0.644638,9.05,0,0
0.583788,0.602891,9.05,274.499,0
0.520437,0.429064,9.05,755.935,63.49
0.497627,0.101839,9.05,0,0
0.476077,0.0554246,9.05,0,0
0.499938,0.0249018,9.05,0,0
0.530941,0,9.05,0,0
0.557175,0.0194294,9.05,0,0
0.959022,0.142455,9.05,0,0
0.966574,0.210685,9.05,0,0
0.981916,0.761306,9.05,0,0
0.982705,0.766084,9.05,0,0
0.98327,0.757252,9.05,0,0
0.981626,0.728605,27.139,0,0
0.979635,0.695526,27.139,0,0
0.978222,0.701654,27.139,0,0
0.974611,0.900209,31.016,0,0
0.975039,1,257.021,0,0
0.973412,1,309.896,0,0
0.972352,1,4678.53,0,0
0.970114,1,357.148,0,0
0.967098,1,1617.57,0,0
0.965565,1,1303.79,0,0
0.965479,1,2936.43,0,0
0.963087,1,326.838,0,0
0.96484,1,521.678,0,0
0.961945,1,816.122,0,0
0.959477,1,1131.87,0,0
0.959589,1,1232.75,0,0
0.958099,1,62.1909,0,0
0.956413,1,1319.63,0,0
0.955177,1,326.243,0,0
0.952787,1,1341.48,0,0
0.950853,1,1385.16,0,0
0.970978,1,790.297,0,0
1,1,543.705,0,0
1,1,366.473,0,0
0.971546,0.974075,27.139,0,0
0.998143,1,1536.44,0,0
1,1,20.4957,0,0
1,0.954201,9.05,0,0
1,0.897881,9.05,0,0
1,0.85103,9.05,0,0
0.969057,0.818084,9.05,0,0
0.930952,0.758654,9.05,0,0
1,0.759767,9.05,0,0
1,0.777639,9.05,0,0
1,0.850858,9.05,0,0
1,0.843197,9.05,0,0
1,0.893005,9.05,0,0
0.985082,0.9327,9.05,0,0
0.955776,1,28.4149,0,0
0.928398,0.985407,9.05,0,0
0.901373,0.966769,9.05,0,0
0.886662,0.970242,9.05,0,0
0.86687,0.941951,9.05,0,0
0.886283,1,279.964,0,0
0.876012,1,376.154,0,0
1,1,807.105,0,0
1,1,449.966,0,0
1,1,775.123,0,0
0.97334,1,203.486,0,0
0.953501,1,356.203,0,0
0.92949,0.989281,9.05,0,0
0.966249,1,1272.48,0,0
1,1,3451.6,0,0
1,1,3842.31,0,0
1,1,1927.88,0,0
1,1,2704.82,0,0
1,1,5097.1,0,0
1,1,14048.1,0,0
1,1,9363.04,0,0
1,1,3530.06,0,0
1,1,4391.73,0,0
1,1,1289.93,0,0
1,1,644.142,0,0
1,1,3562.32,0,0
1,1,251.685,0,0
1,1,126.119,0,0
1,1,833.951,0,0
1,1,1937.39,0,0
1,1,339.641,0,0
1,1,2471.15,0,0
1,1,1167.13,0,0
1,1,962.855,0,0
1,1,302.396,0,0
1,0.989792,27.139,0,0
1,0.981747,27.139,0,0
0.999907,0.948177,27.139,0,0
1,0.905971,27.139,0,0
0.976074,0.89926,9.05,0,0
0.937482,0.875912,9.05,0,0
0.927721,0.846909,9.05,0,0
0.886364,0.822862,9.05,0,0
0.85175,0.864688,9.05,0,0
0.809634,0.844044,9.05,0,0
0.778243,0.832338,9.05,0,0
0.799609,0.822989,9.05,0,0
0.769779,0.790287,9.05,0,0
0.76821,0.785142,9.05,0,0
0.802915,0.729713,9.05,0,0
0.821282,0.669622,9.05,0,0
0.801447,0.615262,9.05,0,0
0.762603,0.550675,9.05,0,0
0.768198,0.502787,9.05,0,0
0.745384,0.450127,9.05,0,0
0.699558,0.384707,9.05,0,0
0.658929,0.320446,9.05,0,0
0.61807,0.258906,9.05,0,0
0.576351,0.20748,9.05,0,0
0.554172,0.163188,9.05,0,0
0.517121,0.112673,9.05,0,0
0.486894,0.0603589,9.05,0,0
0.453639,0.0223506,9.05,0,0
0.428455,0,9.05,0,0
0.404274,0,9.05,0,0
0.382028,0,9.05,0,0
0.369237,0,27.139,0,0
0.350839,0,27.139,0,0
0.332355,0,27.139,0,0
0.319541,0.0581215,31.016,0,0
0.332511,0.0629668,27.139,0,0
0.326799,0.0362193,27.139,0,0
0.36381,0.0989305,27.139,0,0
0.348589,0.0717021,27.139,0,0
0.411458,0.142517,27.139,0,0
0.699566,0.409234,27.139,0,0
1,0.821882,27.139,0,0
1,1,1478.33,0,0
1,1,1267.4,0,0
1,1,936.804,0,0
1,1,1406.36,0,0
1,1,1081.32,0,0
1,1,397.053,0,0
1,1,1832.68,0,0
1,1,1918.31,0,0
1,0.997987,27.139,0,0
0.995318,0.985808,27.139,0,0
1,1,1015.14,0,0
1,1,331.865,0,0
1,1,118.403,0,0
0.978742,1,180.047,0,0
0.966178,1,89.5704,0,0
0.986448,1,201.355,0,0
0.983477,1,464.491,0,0
0.969279,1,133.436,0,0
0.972697,1,371.396,0,0
0.930174,0.980617,9.05,0,0
0.963418,1,319.805,0,0
0.918122,1,104.524,0,0
0.926086,1,1457.93,0,0
0.956752,1,1021.39,0,0
0.967116,1,119.081,0,0
0.969277,1,76.7066,0,0
0.97371,1,409.973,0,0
0.976133,1,1335.75,0,0
0.926948,0.97216,9.05,0,0
0.902327,0.945133,9.05,0,0
0.967217,0.982695,9.05,0,0
0.954479,0.974775,9.05,0,0
0.954052,0.93477,9.05,0,0
0.963081,0.907373,9.05,0,0
0.968118,0.885499,9.05,0,0
0.958352,0.851347,9.05,0,0
0.969514,0.842875,9.05,0,0
0.98216,0.953066,9.05,0,0
0.984972,1,491.768,0,0
1,1,2310.89,0,0
1,1,723.172,0,0
1,1,1509.27,0,0
1,1,2163.6,0,0
1,1,2100.64,0,0
1,0.9687,34.893,0,0
0.976456,0.938144,27.139,0,0
1,1,280.741,0,0
1,1,269.011,0,0
1,0.994503,27.139,0,0
1,1,461.136,0,0
1,1,2250.4,0,0
1,1,2777.32,0,0
1,1,1265,0,0
1,1,1636.2,0,0
0.995182,1,674.56,0,0
0.993802,1,3302.03,0,0
0.993393,1,1629.34,0,0
0.99503,1,1842.23,0,0
0.995113,1,1073.24,0,0
0.997481,1,503.784,0,0
1,1,536.012,0,0
0.972182,0.949555,27.139,0,0
0.982917,0.994648,27.139,0,0
1,1,285.928,0,0
1,1,230.127,0,0
0.99275,0.997747,27.139,0,0
1,1,368.794,0,0
0.963876,0.945015,9.05,0,0
0.906746,0.908983,9.05,0,0
0.876465,0.858843,9.05,0,0
0.841801,0.829146,9.05,0,0
0.801228,0.7997,9.05,0,0
0.780747,0.76726,9.05,0,0
0.824731,0.858121,9.05,0,0
0.880415,0.868275,9.05,0,0
0.857008,0.90396,9.05,0,0
1,0.996374,9.05,0,0
0.981406,0.977855,9.05,0,0
0.957376,0.981224,9.05,0,0
0.926145,0.962142,9.05,0,0
0.889967,0.910272,9.05,0,0
0.853259,0.866685,9.05,0,0
0.816757,0.818364,9.05,0,0
0.778541,0.767187,9.05,0,0
0.733142,0.713564,9.05,0,0
0.691343,0.684548,9.05,0,0
0.655582,0.657893,9.05,0,0
0.619684,0.646679,9.05,0,0
0.596839,0.606914,9.05,46.2362,0
0.541863,0.526275,9.05,1007.75,0
0.527516,0.206752,9.05,0,0
0.527944,0.262544,9.05,0,0
0.50475,0.288179,9.05,0,0
0.495724,0.446874,27.139,869.014,63.49
0.507381,0.33398,27.139,152.25,63.49
0.473354,0.289542,27.139,0,0
0.558979,0.550346,31.016,686.421,0
0.711787,0.716993,27.139,0,0
0.759013,0.905096,27.139,0,0
0.755861,0.889817,27.139,0,0
0.786079,0.940101,27.139,0,0
0.89369,1,2580.7,0,0
0.897755,1,1086.83,0,0
0.900335,1,590.764,0,0
0.882987,0.988208,27.139,0,0
0.899796,1,1564.99,0,0
0.909953,1,1884.41,0,0
0.91439,0.981142,27.139,0,0
0.918493,1,709.998,0,0
0.920412,1,1189.75,0,0
0.920597,1,475.217,0,0
0.918297,1,1069.56,0,0
0.915693,1,1308.65,0,0
0.895956,0.996254,27.139,0,0
0.879737,0.987035,27.139,0,0
0.844401,0.934365,27.139,0,0
0.834062,0.90567,27.139,0,0
0.818587,0.908677,27.139,0,0
0.77724,0.865226,9.05,0,0
0.728822,0.864783,9.05,0,0
0.690789,0.839344,9.05,0,0
0.675444,0.808562,9.05,0,0
0.621387,0.775658,9.05,0,0
0.576375,0.813796,9.05,404.136,0
0.520241,0.681654,9.05,1385.91,0
0.508459,0.142063,9.05,0,0
0.493534,0.117943,9.05,0,0
0.556711,0.09711,9.05,0,0
0.544475,0.0533801,9.05,0,0
0.594387,0.049195,9.05,0,0
0.69185,0.114548,9.05,0,0
0.914449,0.313322,9.05,0,0
1,1,937.201,0,0
1,1,621.733,0,0
1,1,373.457,0,0
0.999323,1,70.3095,0,0
0.977675,0.993672,9.05,0,0
0.98787,1,1020.18,0,0
0.943436,1,77.3639,0,0
0.910257,0.955768,9.05,0,0
0.88222,0.940565,9.05,0,0
0.85724,0.921525,9.05,0,0
0.841,0.891221,9.05,0,0
0.823725,0.94349,9.05,0,0
1,1,2565.44,0,0
1,1,606.883,0,0
1,1,1842.39,0,0
1,1,2204.49,0,0
1,1,1058,0,0
1,1,5743.86,0,0
1,1,8353.9,0,0
1,1,2791.29,0,0
1,1,1412.06,0,0
1,1,851.961,0,0
1,1,286.927,0,0
1,1,738.098,0,0
1,1,1762.37,0,0
1,1,422.068,0,0
1,0.979914,27.139,0,0
1,1,1764.57,0,0
1,1,499.077,0,0
1,1,2156.5,0,0
1,1,1426.92,0,0
1,1,923.362,0,0
1,1,625.094,0,0
0.973369,0.968667,27.139,0,0
0.971764,0.961573,27.139,0,0
0.950562,0.949949,27.139,0,0
0.924003,0.952579,27.139,0,0
0.904213,0.945455,27.139,0,0
0.851486,0.984114,9.05,0,0
0.800589,0.974405,9.05,0,0
0.764482,0.964593,9.05,0,0
0.732628,0.975932,9.05,0,0
0.673312,0.952858,9.05,0,0
0.660143,0.899506,9.05,0,0
0.654246,1,307.628,0,0
0.617725,0.983271,9.05,0,0
0.554644,0.933122,9.05,784.207,0
0.477533,0.583467,9.05,1736.24,63.49
0.470753,0,9.05,0,0
0.435161,0,9.05,0,0
0.395947,0,9.05,0,0
0.371534,0,9.05,0,0
0.353699,0,9.05,0,0
0.310943,0,9.05,0,0
0.288039,0,9.05,0,0
0.25799,0,9.05,0,0
0.220307,0,9.05,0,0
0.179372,0,9.05,0,0
0.150947,0,9.05,0,0
0.145589,0.0148261,9.05,0,0
0.118738,0,9.05,0,0
0.103387,0,9.05,0,0
0.108017,0,9.05,0,0
0.102109,0,9.05,0,0
0.0774891,0,9.05,0,0
0.0628221,0,27.139,0,0
0.0580827,0,27.139,0,0
0.0717997,0,27.139,0,0
0.144137,0.0735356,31.016,0,0
0.161602,0.137674,27.139,0,0
0.245759,0.208615,27.139,0,0
0.622736,0.397365,27.139,0,0
0.860158,0.549257,27.139,0,0
0.861719,0.550912,27.139,0,0
0.863665,1,432.186,0,0
0.868805,1,3658.26,0,0
0.871192,1,966.081,0,0
0.875128,1,221.154,0,0
0.890521,1,5711.52,0,0
0.897361,1,5333.02,0,0
0.901662,1,2085.26,0,0
0.912336,1,1740.45,0,0
0.919052,1,1707.03,0,0
0.923113,1,645.2,0,0
0.924132,1,1709.29,0,0
0.926614,1,2809.44,0,0
0.931809,1,1832.48,0,0
0.939374,1,1742.91,0,0
0.947691,1,422.505,0,0
0.961261,1,241.725,0,0
0.944322,0.978294,9.05,0,0
0.898805,0.94138,9.05,0,0
0.87666,0.918356,9.05,0,0
0.841186,0.880712,9.05,0,0
0.791064,0.835048,9.05,0,0
0.73475,0.787116,9.05,0,0
0.715447,0.762146,9.05,0,0
0.751738,0.757568,9.05,0,0
0.712943,0.728747,9.05,0,0
0.726048,0.737856,9.05,0,0
0.701583,0.701415,9.05,0,0
0.681971,0.675704,9.05,0,0
0.732364,0.652856,9.05,0,0
0.808142,0.646578,9.05,0,0
0.84403,0.670275,9.05,0,0
0.864858,0.686246,9.05,0,0
0.856746,0.654336,9.05,0,0
1,0.610486,9.05,0,0
1,0.590598,9.05,0,0
1,0.550702,9.05,0,0
1,0.516295,9.05,0,0
1,0.481,9.05,0,0
0.973918,0.443463,9.05,0,0
0.98192,0.435724,9.05,0,0
0.98125,0.401285,9.05,0,0
0.964523,0.372512,9.05,0,0
0.993229,0.359494,9.05,0,0
1,0.344862,27.139,0,0
1,0.350527,27.139,0,0
1,0.326546,27.139,0,0
1,0.322167,34.893,0,0
1,0.319899,27.139,0,0
1,0.29657,27.139,0,0
0.998595,0.283681,27.139,0,0
1,0.360815,27.139,0,0
1,0.389994,27.139,0,0
1,0.449915,27.139,0,0
1,0.476052,27.139,0,0
1,0.491553,27.139,0,0
1,0.706162,27.139,0,0
1,0.762494,27.139,0,0
1,0.833027,27.139,0,0
1,1,443.118,0,0
1,1,602.498,0,0
1,1,939.107,0,0
1,1,1576.49,0,0
1,1,556.136,0,0
1,1,618.095,0,0
1,1,1359.76,0,0
1,1,674.555,0,0
1,1,909.29,0,0
1,1,287.376,0,0
0.996873,1,21.1792,0,0
1,1,140.852,0,0
1,0.998713,9.05,0,0
0.987025,0.955373,9.05,0,0
0.936557,0.910001,9.05,0,0
0.889912,0.873458,9.05,0,0
0.85806,0.847664,9.05,0,0
0.841451,0.835467,9.05,0,0
0.830169,0.817392,9.05,0,0
0.865839,0.797464,9.05,0,0
0.812833,0.747341,9.05,0,0
0.791198,0.708837,9.05,0,0
0.893515,0.718343,9.05,0,0
0.952881,0.694118,9.05,0,0
0.938838,0.66292,9.05,0,0
0.964876,0.65092,9.05,0,0
0.961102,0.712901,9.05,0,0
0.936722,0.693064,9.05,0,0
0.905879,0.656697,9.05,0,0
0.878108,0.614419,9.05,0,0
0.870773,0.585184,9.05,0,0
0.949338,0.571878,9.05,0,0
0.92402,0.530401,9.05,0,0
0.934726,0.48797,9.05,0,0
0.908451,0.449829,9.05,0,0
0.905576,0.41593,9.05,0,0
0.879389,0.37311,9.05,0,0
0.925085,0.330653,27.139,0,0
0.966984,0.286829,27.139,0,0
1,0.248135,27.139,0,0
1,0.454978,31.016,0,0
1,0.476083,27.139,0,0
1,0.479722,27.139,0,0
1,0.511831,27.139,0,0
1,0.655247,27.139,0,0
1,0.773808,27.139,0,0
1,1,1989.66,0,0
1,1,299.377,0,0
1,1,824.015,0,0
1,1,239.951,0,0
1,1,1462.21,0,0
1,1,163.464,0,0
1,1,71.4052,0,0
1,1,430.864,0,0
1,1,1451.54,0,0
1,1,397.278,0,0
1,0.974734,27.139,0,0
1,1,1054.88,0,0
0.997327,1,435.677,0,0
0.995027,1,373.928,0,0
1,1,132.975,0,0
0.99805,1,1040.46,0,0
0.987345,0.999803,9.05,0,0
0.945348,0.978807,9.05,0,0
0.915046,0.93771,9.05,0,0
0.866226,0.93474,9.05,0,0
0.81043,0.883675,9.05,0,0
0.769768,0.843019,9.05,0,0
0.730121,0.802801,9.05,0,0
0.672719,0.762926,9.05,0,0
0.612248,0.729963,9.05,0,0
0.575309,0.760655,9.05,422.779,0
0.555223,0.711985,9.05,774.079,0
0.563199,0.669103,9.05,634.585,0
0.545547,0.680175,9.05,943.323,0
0.537221,0.48576,9.05,1088.93,0
0.561105,0.135003,9.05,0,0
0.596813,0.127971,9.05,0,0
0.559014,0.102243,9.05,0,0
0.536422,0.0849515,9.05,0,0
0.571077,0.187624,9.05,0,0
0.564232,0.157034,9.05,0,0
0.530389,0.119206,9.05,0,0
0.509889,0.0797243,9.05,0,0
0.473182,0.0328191,9.05,0,0
0.452974,0,9.05,0,0
0.440935,0,9.05,0,0
0.448777,0,9.05,0,0
0.58376,0,9.05,0,0
0.570983,0,27.139,0,0
0.55834,0,27.139,0,0
0.531402,0,27.139,0,0
0.580567,0.0587703,31.016,0,0
0.697586,0.210372,27.139,0,0
0.883596,0.243231,27.139,0,0
0.884039,0.284601,27.139,0,0
0.886206,0.323197,27.139,0,0
0.885077,0.301906,27.139,0,0
0.883759,0.344422,27.139,0,0
0.883579,0.767203,27.139,0,0
0.882984,0.911979,27.139,0,0
0.881974,1,166.623,0,0
0.881104,1,1466.42,0,0
0.88023,1,863.479,0,0
0.879938,1,1892.07,0,0
0.879135,1,955.053,0,0
0.878441,1,970.186,0,0
0.87707,1,1571.79,0,0
0.876903,1,1163.03,0,0
0.87622,1,102.27,0,0
0.840776,1,298.522,0,0
0.811496,1,55.0373,0,0
0.810826,1,122.837,0,0
0.896805,1,383.914,0,0
0.897468,1,13.5815,0,0
0.891793,0.983767,9.05,0,0
0.854112,0.973523,9.05,0,0
0.899347,1,661.294,0,0
0.845095,0.95317,9.05,0,0
0.787238,0.937182,9.05,0,0
0.754461,0.923729,9.05,0,0
0.729858,0.905513,9.05,0,0
0.702706,1,22.1247,0,0
0.682114,0.991114,9.05,0,0
0.647208,0.958094,9.05,0,0
0.601631,0.902352,9.05,0,0
0.560606,0.873748,9.05,679.946,0
0.511555,0.582934,9.05,1537.83,0
0.504765,0.0238759,9.05,0,0
0.461377,0,9.05,0,0
0.426933,0,9.05,0,0
0.373766,0.0341111,9.05,0,0
0.335716,0.0222298,9.05,0,0
0.30636,0,9.05,0,0
0.293859,0,9.05,0,0
0.25668,0,9.05,0,0
0.240761,0,9.05,0,0
0.264087,0,9.05,0,0
0.260768,0.0211979,9.05,0,0
0.486308,0.156097,9.05,0,0
0.719344,0.230247,9.05,0,0
0.899071,0.370735,27.139,0,0
0.928089,0.499075,27.139,0,0
0.926917,0.581972,27.139,0,0
0.947327,0.660951,31.016,0,0
1,0.860416,27.139,0,0
1,0.925487,27.139,0,0
1,1,3738.37,0,0
1,1,688.673,0,0
1,1,369.502,0,0
1,1,510.591,0,0
1,1,650.58,0,0
1,1,351.426,0,0
1,1,2262.85,0,0
0.995976,1,577.61,0,0
0.996213,1,2752.96,0,0
0.99889,1,5813.33,0,0
0.997199,1,1722.48,0,0
0.994215,1,2552.65,0,0
0.992577,1,288.023,0,0
0.993734,1,56.7167,0,0
0.987229,1,151.946,0,0
0.983998,1,77.3846,0,0
0.981055,1,161.866,0,0
0.959858,0.989519,27.139,0,0
0.975839,1,301.496,0,0
0.97199,1,1572.15,0,0
0.949515,1,145.529,0,0
0.959634,1,1197.02,0,0
0.95796,1,49.104,0,0
0.952573,1,474.162,0,0
0.947539,1,2304.49,0,0
0.941279,1,285.412,0,0
0.936652,1,1156.84,0,0
0.931917,1,1476.79,0,0
0.928667,1,548.973,0,0
0.925514,1,431.611,0,0
0.931009,1,949.625,0,0
0.949832,1,176.131,0,0
0.932776,1,181.471,0,0
0.942608,0.983211,9.05,0,0
0.944085,0.962052,9.05,0,0
0.936719,0.956272,9.05,0,0
0.949809,1,69.4912,0,0
0.946032,1,62.2741,0,0
0.924605,0.984821,9.05,0,0
0.907513,1,87.1819,0,0
0.893091,0.975325,9.05,0,0
0.931167,1,279.927,0,0
0.936228,1,584.855,0,0
0.954986,1,1974.89,0,0
0.940034,1,394.952,0,0
0.925139,0.990376,9.05,0,0
0.94428,1,1186.84,0,0
0.943868,1,760.018,0,0
0.916051,0.99149,27.139,0,0
0.946458,1,710.125,0,0
0.999189,1,2083.14,0,0
1,1,1029.13,0,0
1,1,815.323,0,0
1,1,2149.22,0,0
1,1,1588.18,0,0
1,1,1737.6,0,0
1,1,419.917,0,0
1,1,763.833,0,0
1,0.996249,27.139,0,0
1,1,158.007,0,0
1,1,152.158,0,0
1,1,44.3357,0,0
1,0.987446,27.139,0,0
1,1,642.901,0,0
1,1,566.876,0,0
0.973216,0.985801,27.139,0,0
1,1,486.536,0,0
1,1,373.246,0,0
1,1,103.437,0,0
1,1,123.049,0,0
1,1,232.613,0,0
1,0.989913,9.05,0,0
0.991504,0.969413,9.05,0,0
0.961918,0.945456,9.05,0,0
0.915289,0.943702,9.05,0,0
0.906033,1,204.49,0,0
0.872684,1,285.729,0,0
0.824135,0.951866,9.05,0,0
0.762071,0.896572,9.05,0,0
0.70503,0.845936,9.05,0,0
0.684012,0.803774,9.05,0,0
0.634344,0.767021,9.05,0,0
0.65853,0.720925,9.05,0,0
0.63514,0.668772,9.05,0,0
0.639401,0.725734,9.05,0,0
0.710743,0.82183,9.05,0,0
0.686009,0.806812,9.05,0,0
0.662623,0.842796,9.05,0,0
0.654285,0.794888,9.05,0,0
0.613032,0.756756,9.05,0,0
0.601727,0.894459,9.05,0,0
0.55615,0.954233,9.05,757.871,0
0.56551,1,351.975,251.248,0
0.842835,1,1542.71,0,0
0.812721,1,154.361,0,0
0.846707,1,1198.67,0,0
0.946004,1,2783.75,0,0
0.947939,1,6015.99,0,0
0.943704,1,7294.66,0,0
0.942311,1,16311.7,0,0
0.93973,1,4049.86,0,0
0.935504,1,4507.08,0,0
0.935437,1,771.823,0,0
0.934566,1,1606.54,0,0
0.933339,1,1216.31,0,0
0.930028,1,1673.76,0,0
0.928273,1,1669.8,0,0
0.924567,1,41.6405,0,0
0.922998,1,323.297,0,0
0.922768,1,668.841,0,0
0.930741,1,1613.63,0,0
0.934756,1,1112.19,0,0
0.941824,1,77.044,0,0
0.941524,1,311.352,0,0
0.946643,1,1264.01,0,0
0.951626,1,804.016,0,0
0.926353,0.994786,27.139,0,0
0.945901,1,1506.36,0,0
0.908671,0.99942,27.139,0,0
0.967401,1,1365.06,0,0
0.941915,1,78.696,0,0
0.929888,1,121.165,0,0
0.942036,1,337.214,0,0
0.958568,1,164.82,0,0
0.993861,1,964.85,0,0
0.987874,1,874.663,0,0
0.97847,1,795.456,0,0
0.939372,0.993577,9.05,0,0
0.971522,0.943766,9.05,0,0
0.932179,0.887366,9.05,0,0
0.923961,0.838078,9.05,0,0
0.876782,0.793766,9.05,0,0
0.855987,0.768516,9.05,0,0
0.814931,0.726655,9.05,0,0
0.800971,0.700618,9.05,0,0
0.758479,0.656212,9.05,0,0
0.714287,0.62867,9.05,0,0
0.687147,0.590279,9.05,0,0
0.649968,0.533797,9.05,0,0
0.619887,0.481196,9.05,0,0
0.597902,0.433547,9.05,27.6457,0
0.545029,0.344276,9.05,217.615,63.49
0.483129,0.203783,9.05,0,0
0.440396,0.18768,9.05,0,0
0.406941,0.15394,9.05,0,0
0.377119,0.111415,9.05,0,0
0.368013,0.0765906,9.05,0,0
0.359393,0.0336058,9.05,0,0
0.333014,0.00237824,9.05,0,0
0.374546,0.0384926,9.05,0,0
0.396887,0.0438592,27.139,0,0
0.461397,0.0768453,27.139,0,0
0.442159,0.071843,27.139,0,0
0.4634,0.077738,31.016,0,0
0.564306,0.137845,27.139,0,0
0.692011,0.250007,27.139,0,0
0.730224,0.256175,27.139,0,0
0.733266,0.248014,27.139,0,0
0.797176,0.265406,27.139,0,0
0.901073,0.357158,27.139,0,0
0.904375,0.458821,27.139,0,0
0.91234,0.556881,27.139,0,0
0.925464,0.980359,27.139,0,0
0.9402,1,582.561,0,0
0.938832,1,388.141,0,0
0.938184,1,40.5058,0,0
0.944817,1,1127.93,0,0
0.948904,1,1718.64,0,0
0.948475,1,655.83,0,0
0.951801,1,346.065,0,0
0.958861,0.984577,27.139,0,0
0.932893,1,126.295,0,0
0.924455,1,164.973,0,0
0.910855,1,100.855,0,0.776232,0.627774,9.05,0,0
0.767307,0.615479,9.05,0,0
0.798334,0.633735,9.05,0,0
0.813027,0.638105,27.139,0,0
0.856612,0.654902,27.139,0,0
0.852053,0.654613,27.139,0,0
0.870389,0.659376,31.016,0,0
0.930801,0.688605,27.139,0,0
0.936484,0.741321,27.139,0,0
0.940483,0.746086,27.139,0,0
0.947652,0.744398,27.139,0,0
0.953283,0.754386,27.139,0,0
0.971396,0.797992,27.139,0,0
0.990808,0.845906,27.139,0,0
0.99705,0.892137,27.139,0,0
1,1,1221.61,0,0
1,1,725.311,0,0
0.999735,1,406.458,0,0
0.999849,1,59.4911,0,0
1,1,1145.87,0,0
1,1,1738.24,0,0
1,1,675.362,0,0
1,1,365.92,0,0
0.998476,0.994435,27.139,0,0
0.987964,1,143.117,0,0
0.986022,1,154.246,0,0
0.980431,1,94.8444,0,0
0.966863,0.981149,27.139,0,0
0.961575,0.968917,9.05,0,0
0.987581,0.955922,9.00.317051,0.179854,27.139,0,0
0.321884,0.147131,27.139,0,0
0.328972,0.130884,27.139,0,0
0.944199,0.884309,9.05,0,0
0.930633,0.856866,9.05,0,0
0.910131,0.833512,9.05,0,0
0.89316,0.807637,9.05,0,0
0.88314,0.784086,9.05,0,0
0.867585,0.752442,9.05,0,0
0.842175,0.728531,9.05,0,0
0.824343,0.697443,9.05,0,0
0.810182,0.692793,9.05,0,0
0.796723,0.677583,9.05,0,0
0.783807,0.659779,9.05,0,0
0.767358,0.634514,9.05,0,0
0.758629,0.609654,9.05,0,0
0.759735,0.594326,9.05,0,0
0.753317,0.604279,9.05,0,0
0.737966,0.589121,9.05,0,0
0.736474,0.602442,9.05,0,0
0.73501,0.617499,9.05,0,0
0.734795,0.632729,9.05,0,0
0.78318,0.661506,9.05,0,0
0.794716,0.668792,9.05,0,0
0.816828,0.671841,9.05,0,0
0.825468,0.679097,27.139,0,0
0.825711,0.666238,27.139,0,0
0.830956,0.66079,27.139,0,0
