6,1,1,1,31.016,0,0
6,2,1,1,12236.9,0,0
6,3,1,1,5588.46,0,0
6,4,1,1,2737.03,0,0
6,5,0.998041,1,137.395,0,0
6,6,0.998793,1,2237.09,0,0
6,7,1,1,7240.29,0,0
6,8,1,1,6565.63,0,0
6,9,1,1,3846.07,0,0
6,10,1,1,819.101,0,0
6,11,1,1,1442.56,0,0
6,12,1,1,3209.24,0,0
6,13,1,1,2177.66,0,0
6,14,0.999565,1,577.694,0,0
6,15,1,1,3306.71,0,0
6,16,1,1,1728.3,0,0
6,17,1,1,3165.6,0,0
6,18,1,1,5886.27,0,0
6,19,1,1,4827.72,0,0
6,20,1,1,3075.79,0,0
6,21,1,1,341.63,0,0
6,22,1,1,38.112,0,0
6,23,0.980795,1,439.209,0,0
6,24,0.979864,1,654.178,0,0
6,25,1,1,1373.91,0,0
6,26,0.987396,1,225.352,0,0
6,27,0.980563,1,102.404,0,0
6,28,0.956023,1,97.9054,0,0
6,29,1,1,229.133,0,0
6,30,1,1,695.972,0,0
6,31,0.996065,0.992106,9.05,0,0
6,32,0.986959,0.973145,9.05,0,0
6,33,1,0.946491,9.05,0,0
6,34,1,0.938677,9.05,0,0
6,35,0.978565,0.905455,9.05,0,0
6,36,0.965301,0.88238,9.05,0,0
6,37,0.956813,0.848592,9.05,0,0
6,38,0.928731,0.819247,9.05,0,0
6,39,0.910425,0.788225,9.05,0,0
6,40,0.895707,0.756896,9.05,0,0
6,41,0.911068,0.747622,9.05,0,0
6,42,0.894012,0.755593,9.05,0,0
6,43,0.965015,0.750822,9.05,0,0
6,44,0.95273,0.838782,9.05,0,0
6,45,0.979764,0.905424,9.05,0,0
6,46,1,1,167.593,0,0
6,47,1,1,510.965,0,0
6,48,1,0.988218,9.05,0,0
6,49,1,0.984284,9.05,0,0
6,50,1,0.993841,27.139,0,0
6,51,1,1,108.59,0,0
6,52,1,1,952.08,0,0
7,1,1,1,807.032,0,0
7,2,1,1,1031.94,0,0
7,3,1,1,1370.34,0,0
7,4,1,1,787.221,0,0
7,5,1,1,914.246,0,0
7,6,1,1,417.139,0,0
7,7,1,1,3042.56,0,0
7,8,1,1,3341.88,0,0
7,9,1,1,1391.93,0,0
7,10,1,1,130.798,0,0
7,11,1,1,215.859,0,0
7,12,1,1,883.375,0,0
7,13,1,1,852.343,0,0
7,14,1,1,1391.43,0,0
7,15,1,1,710.296,0,0
7,16,1,1,123.345,0,0
7,17,0.99496,1,90.1598,0,0
7,18,1,1,791.751,0,0
7,19,1,1,546.862,0,0
7,20,1,1,944.516,0,0
7,21,1,1,613.106,0,0
7,22,1,1,848.667,0,0
7,23,1,1,280.061,0,0
7,24,0.971949,0.977422,9.05,0,0
7,25,0.980569,0.955117,9.05,0,0
7,26,0.954487,0.934986,9.05,0,0
7,27,0.932909,0.905391,9.05,0,0
7,28,0.931494,0.895865,9.05,0,0
7,29,0.953923,0.962471,9.05,0,0
7,30,0.972957,1,315.479,0,0
7,31,0.955218,0.992178,9.05,0,0
7,32,1,1,221.907,0,0
7,33,1,1,610.488,0,0
7,34,0.99938,1,879.911,0,0
7,35,1,1,775.385,0,0
7,36,0.997882,1,143.727,0,0
7,37,0.99671,0.984147,9.05,0,0
7,38,0.969696,0.956133,9.05,0,0
7,39,0.97368,0.920317,9.05,0,0
7,40,0.965118,0.889198,9.05,0,0
7,41,0.99067,0.906489,9.05,0,0
7,42,0.986572,0.909464,9.05,0,0
7,43,0.973501,0.901955,9.05,0,0
7,44,0.965081,0.89551,9.05,0,0
7,45,0.942964,0.906267,9.05,0,0
7,46,0.963822,0.955734,9.05,0,0
7,47,0.984588,1,1765.17,0,0
7,48,0.983182,1,617.066,0,0
7,49,0.987078,1,160.4,0,0
7,50,0.99246,1,588.877,0,0
7,51,1,1,629.15,0,0
7,52,1,1,387.052,0,0
8,1,1,1,764.529,0,0
8,2,1,1,817.298,0,0
8,3,1,1,776.746,0,0
8,4,1,1,852.063,0,0
8,5,1,1,3599.51,0,0
8,6,1,1,618.456,0,0
8,7,1,1,1295.04,0,0
8,8,1,1,1551.46,0,0
8,9,1,1,207.862,0,0
8,10,1,1,4403.32,0,0
8,11,1,1,2804.5,0,0
8,12,1,1,2514.21,0,0
8,13,1,1,2059.87,0,0
8,14,1,1,2847.08,0,0
8,15,1,1,2922.58,0,0
8,16,1,1,4686.25,0,0
8,17,1,1,1324.33,0,0
8,18,1,1,3173.44,0,0
8,19,1,1,464.451,0,0
8,20,1,1,1594.72,0,0
8,21,1,1,1217.69,0,0
8,22,1,1,981.062,0,0
8,23,1,1,1754.52,0,0
8,24,1,1,567.213,0,0
8,25,1,1,194.313,0,0
8,26,0.998452,1,22.1031,0,0
8,27,0.993257,1,30.1393,0,0
8,28,0.969778,0.968836,9.05,0,0
8,29,0.952057,0.923864,9.05,0,0
8,30,0.956492,0.89308,9.05,0,0
8,31,0.964353,0.8506,9.05,0,0
8,32,0.947451,0.820764,9.05,0,0
8,33,0.91669,0.779017,9.05,0,0
8,34,0.906519,0.740284,9.05,0,0
8,35,0.883396,0.712026,9.05,0,0
8,36,0.859181,0.67538,9.05,0,0
8,37,0.837041,0.627911,9.05,0,0
8,38,0.7983,0.587631,9.05,0,0
8,39,0.774769,0.546658,9.05,0,0
8,40,0.76025,0.495736,9.05,0,0
8,41,0.749577,0.492951,9.05,0,0
8,42,0.752613,0.463722,9.05,0,0
8,43,0.748071,0.437674,9.05,0,0
8,44,0.782723,0.491476,9.05,0,0
8,45,0.777202,0.47364,9.05,0,0
8,46,0.803343,0.439346,9.05,0,0
8,47,0.797672,0.406488,9.05,0,0
8,48,0.800391,0.373054,9.05,0,0
8,49,0.80349,0.416088,9.05,0,0
8,50,0.827974,0.525066,27.139,0,0
8,51,0.94937,0.785164,27.139,0,0
8,52,1,0.992158,27.139,0,0
9,1,1,1,38.7838,0,0
9,2,1,1,374.981,0,0
9,3,1,1,1481.79,0,0
9,4,1,1,1245.07,0,0
9,5,1,1,1686.24,0,0
9,6,1,1,385.867,0,0
9,7,1,1,402.168,0,0
9,8,1,1,230.591,0,0
9,9,1,1,2155.04,0,0
9,10,1,1,1376.11,0,0
9,11,1,1,600.874,0,0
9,12,1,1,498.531,0,0
9,13,1,1,3221.05,0,0
9,14,1,1,2308.16,0,0
9,15,1,1,1500.8,0,0
9,16,1,1,2916.84,0,0
9,17,1,1,1223.75,0,0
9,18,1,1,1555.7,0,0
9,19,1,1,1502.88,0,0
9,20,1,1,1619.69,0,0
9,21,1,1,833.144,0,0
9,22,1,1,640.381,0,0
9,23,1,1,20.1355,0,0
9,24,0.992543,1,12.2489,0,0
9,25,0.99369,1,70.0738,0,0
9,26,0.968666,1,248.805,0,0
9,27,0.959152,1,238.754,0,0
9,28,0.934576,1,98.2448,0,0
9,29,0.921173,1,243.033,0,0
9,30,0.981276,1,151.832,0,0
9,31,1,1,1459.36,0,0
9,32,1,1,225.402,0,0
9,33,0.997164,1,1220.91,0,0
9,34,1,1,1069.13,0,0
9,35,1,1,1800.09,0,0
9,36,0.980974,0.995036,9.05,0,0
9,37,1,1,2041.6,0,0
9,38,0.982023,1,245.184,0,0
9,39,1,1,6293.87,0,0
9,40,1,1,1173.22,0,0
9,41,1,1,1661.63,0,0
9,42,1,1,9214.54,0,0
9,43,1,1,9502.94,0,0
9,44,1,1,1524.64,0,0
9,45,1,1,2071.13,0,0
9,46,1,1,1552.28,0,0
9,47,1,1,793.952,0,0
9,48,0.997936,1,1413.17,0,0
9,49,1,1,2513.99,0,0
9,50,1,1,1889.03,0,0
9,51,1,1,2143.45,0,0
9,52,1,1,2067.96,0,0
10,1,1,1,903.369,0,0
10,2,1,1,2400.53,0,0
10,3,1,1,2959.68,0,0
10,4,1,1,1585.02,0,0
10,5,1,1,1880.44,0,0
10,6,1,1,2057.78,0,0
10,7,1,1,1309.69,0,0
10,8,1,1,1205.5,0,0
10,9,1,1,687.518,0,0
10,10,1,1,550.748,0,0
10,11,1,1,1020.14,0,0
10,12,1,1,1138.45,0,0
10,13,1,1,3564.06,0,0
10,14,1,1,495.798,0,0
10,15,1,1,308.281,0,0
10,16,1,1,416.8,0,0
10,17,1,1,569.494,0,0
10,18,1,1,1168.9,0,0
10,19,1,1,1287.73,0,0
10,20,0.996934,1,41.3294,0,0
10,21,1,0.97726,27.139,0,0
10,22,1,0.970594,27.139,0,0
10,23,0.987465,0.968796,9.05,0,0
10,24,0.969368,0.955528,9.05,0,0
10,25,0.951814,0.925768,9.05,0,0
10,26,0.919899,0.905915,9.05,0,0
10,27,0.926908,0.955279,9.05,0,0
10,28,0.900388,0.961145,9.05,0,0
10,29,0.871303,1,54.4767,0,0
10,30,0.919402,1,443.304,0,0
10,31,1,1,2534.08,0,0
10,32,1,1,473.153,0,0
10,33,1,1,20.4314,0,0
10,34,1,1,180.178,0,0
10,35,0.970355,0.975589,9.05,0,0
10,36,0.953446,1,212.348,0,0
10,37,0.978717,1,441.97,0,0
10,38,0.956412,0.991415,9.05,0,0
10,39,0.96849,1,706.987,0,0
10,40,1,1,1055.71,0,0
10,41,0.998901,1,658.566,0,0
10,42,0.970215,0.976844,9.05,0,0
10,43,0.94041,0.949092,9.05,0,0
10,44,0.924673,0.90705,9.05,0,0
10,45,0.928755,0.892864,9.05,0,0
10,46,0.902578,0.866337,9.05,0,0
10,47,0.884597,0.835477,9.05,0,0
10,48,0.869731,0.815978,9.05,0,0
10,49,0.867349,0.794541,9.05,0,0
10,50,0.848407,0.779214,27.139,0,0
10,51,0.841691,0.777221,27.139,0,0
10,52,0.836492,0.753987,27.139,0,0
11,1,0.816193,0.740292,31.016,0,0
11,2,0.861571,0.897032,27.139,0,0
11,3,0.86256,0.882313,27.139,0,0
11,4,0.879454,0.90582,27.139,0,0
11,5,0.996525,1,504.655,0,0
11,6,1,1,898.252,0,0
11,7,1,1,404.731,0,0
11,8,0.998714,1,57.0014,0,0
11,9,0.998278,1,404.048,0,0
11,10,0.998712,1,1060.37,0,0
11,11,1,1,597.007,0,0
11,12,1,1,233.321,0,0
11,13,1,1,2242.97,0,0
11,14,1,1,3361.81,0,0
11,15,1,1,5066.48,0,0
11,16,1,1,600.432,0,0
11,17,0.999965,0.997893,27.139,0,0
11,18,1,0.988095,27.139,0,0
11,19,1,1,430.937,0,0
11,20,0.999994,1,54.1189,0,0
11,21,1,1,933.287,0,0
11,22,1,0.994621,27.139,0,0
11,23,1,0.988514,9.05,0,0
11,24,1,1,915.752,0,0
11,25,1,1,262.93,0,0
11,26,0.997962,0.993758,9.05,0,0
11,27,0.9935,1,861.651,0,0
11,28,1,1,491.027,0,0
11,29,1,1,49.7322,0,0
11,30,0.962025,0.976826,9.05,0,0
11,31,0.935756,0.977102,9.05,0,0
11,32,0.908081,1,114.002,0,0
11,33,0.89349,1,321.021,0,0
11,34,0.875303,1,92.4353,0,0
11,35,0.84595,0.977863,9.05,0,0
11,36,0.825542,0.974255,9.05,0,0
11,37,0.96127,1,18416.7,0,0
11,38,0.955134,1,1928.04,0,0
11,39,0.954656,1,1255.49,0,0
11,40,0.951029,1,6797,0,0
11,41,0.956107,1,1188.17,0,0
11,42,0.959345,1,1438.91,0,0
11,43,0.936888,1,161.311,0,0
11,44,0.937842,1,32.4694,0,0
11,45,0.941493,1,59.0998,0,0
11,46,0.952996,1,424.364,0,0
11,47,0.978712,1,174.869,0,0
11,48,0.97921,1,803.571,0,0
11,49,0.978561,1,587.491,0,0
11,50,1,1,1207.35,0,0
11,51,1,1,2588.49,0,0
11,52,1,1,1582.33,0,0
12,1,1,1,195.209,0,0
12,2,1,1,866.141,0,0
12,3,1,1,2582.14,0,0
12,4,1,1,1356.49,0,0
12,5,1,1,5267.74,0,0
12,6,1,1,4094.05,0,0
12,7,1,1,1693.24,0,0
12,8,1,1,833.297,0,0
12,9,1,1,1074.89,0,0
12,10,1,1,7586.82,0,0
12,11,1,1,2072.75,0,0
12,12,1,1,3024.63,0,0
12,13,1,1,3581.41,0,0
12,14,1,1,1299.29,0,0
12,15,1,1,224.334,0,0
12,16,1,1,2627.06,0,0
12,17,1,1,534.719,0,0
12,18,1,1,3544.28,0,0
12,19,1,1,1051.06,0,0
12,20,0.997226,1,165.091,0,0
12,21,0.996428,1,399.677,0,0
12,22,1,1,2467.15,0,0
12,23,1,1,502.275,0,0
12,24,0.996197,1,465.049,0,0
12,25,0.995947,1,386.729,0,0
12,26,1,1,1638.36,0,0
12,27,0.996439,1,2510.05,0,0
12,28,1,1,1920.05,0,0
12,29,1,1,907.98,0,0
12,30,0.977021,1,362.289,0,0
12,31,0.984248,1,196.004,0,0
12,32,0.96948,0.999058,9.05,0,0
12,33,0.940688,1,11.4766,0,0
12,34,0.898133,1,456.579,0,0
12,35,0.883274,0.985293,9.05,0,0
12,36,0.858468,0.954907,9.05,0,0
12,37,0.84532,0.956999,9.05,0,0
12,38,0.825213,0.929017,9.05,0,0
12,39,0.844963,0.887953,9.05,0,0
12,40,0.897263,0.924384,9.05,0,0
12,41,0.909164,1,17.5319,0,0
12,42,1,1,798.512,0,0
12,43,1,1,60.8094,0,0
12,44,1,1,127.993,0,0
12,45,1,1,1990.41,0,0
12,46,0.998991,1,1914.42,0,0
12,47,0.997523,1,1722.16,0,0
12,48,0.995075,1,6626.17,0,0
12,49,0.992493,1,1428.53,0,0
12,50,0.997562,1,261.514,0,0
12,51,1,1,1213.58,0,0
12,52,1,1,2299.74,0,0
13,1,1,1,1153.83,0,0
13,2,1,1,2490.55,0,0
13,3,1,1,2590.75,0,0
13,4,1,1,2007.85,0,0
13,5,1,1,3891.3,0,0
13,6,1,1,4059.42,0,0
13,7,1,1,5350.41,0,0
13,8,1,1,3036.69,0,0
13,9,1,1,783.523,0,0
13,10,1,1,1017.17,0,0
13,11,1,1,1112.15,0,0
13,12,1,1,1192.61,0,0
13,13,1,1,1436.65,0,0
13,14,1,1,985.298,0,0
13,15,1,1,2127.75,0,0
13,16,1,1,686.763,0,0
13,17,1,1,854.081,0,0
13,18,1,1,4618.12,0,0
13,19,1,1,618.488,0,0
13,20,1,1,1182.2,0,0
13,21,0.994941,0.986884,27.139,0,0
13,22,0.971591,1,68.2491,0,0
13,23,0.968272,0.987237,9.05,0,0
13,24,0.936879,0.966089,9.05,0,0
13,25,0.903086,0.944372,9.05,0,0
13,26,0.861192,0.909678,9.05,0,0
13,27,0.850927,0.943468,9.05,0,0
13,28,0.848179,0.957496,9.05,0,0
13,29,0.841612,0.925386,9.05,0,0
13,30,0.819552,0.890625,9.05,0,0
13,31,0.790568,0.870401,9.05,0,0
13,32,0.768223,0.892149,9.05,0,0
13,33,0.755809,0.880739,9.05,0,0
13,34,0.742265,0.88434,9.05,0,0
13,35,0.742499,0.885997,9.05,0,0
13,36,0.744745,0.900039,9.05,0,0
13,37,0.760073,0.882784,9.05,0,0
13,38,0.739149,0.860015,9.05,0,0
13,39,0.724968,0.85708,9.05,0,0
13,40,0.712068,0.827223,9.05,0,0
13,41,0.702711,0.811689,9.05,0,0
13,42,0.671882,0.775563,9.05,0,0
13,43,0.647859,0.750908,9.05,0,0
13,44,0.614554,0.726015,9.05,0,0
13,45,0.597668,0.701631,9.05,0,0
13,46,0.589536,0.67204,9.05,0,0
13,47,0.586285,0.652033,9.05,0,0
13,48,0.5768,0.627262,9.05,0,0
13,49,0.570735,0.610598,9.05,0,0
13,50,0.551733,0.579342,27.139,0,0
13,51,0.530767,0.550583,27.139,0,0
13,52,0.53673,0.530027,27.139,0,0
14,1,0.549679,0.606311,31.016,0,0
14,2,0.61065,0.695276,27.139,0,0
14,3,0.735981,0.79776,27.139,0,0
14,4,0.753346,0.806264,27.139,0,0
14,5,0.799694,0.89986,27.139,0,0
14,6,0.839837,0.923196,27.139,0,0
14,7,0.85748,0.976355,27.139,0,0
14,8,0.990917,1,828.67,0,0
14,9,1,1,116.814,0,0
14,10,1,1,222.045,0,0
14,11,1,1,1205.25,0,0
14,12,1,1,260.495,0,0
14,13,1,1,122.03,0,0
14,14,1,1,102.089,0,0
14,15,0.993061,0.999534,27.139,0,0
14,16,0.978957,1,103.906,0,0
14,17,0.964365,0.990151,27.139,0,0
14,18,0.995634,1,945.098,0,0
14,19,0.98035,1,32.6168,0,0
14,20,0.962942,0.983799,27.139,0,0
14,21,0.964176,0.96865,27.139,0,0
14,22,0.950823,0.946227,27.139,0,0
14,23,0.937722,0.92406,9.05,0,0
14,24,0.929053,0.898744,9.05,0,0
14,25,0.927617,0.857833,9.05,0,0
14,26,0.929823,0.824692,9.05,0,0
14,27,0.97907,0.844336,9.05,0,0
14,28,0.980462,0.921874,9.05,0,0
14,29,0.973822,0.957447,9.05,0,0
14,30,0.938924,0.945371,9.05,0,0
14,31,0.937018,0.942797,9.05,0,0
14,32,0.922963,0.927607,9.05,0,0
14,33,0.924987,0.910606,9.05,0,0
14,34,0.949749,0.901569,9.05,0,0
14,35,0.934386,0.867317,9.05,0,0
14,36,0.910119,0.85648,9.05,0,0
14,37,0.892188,0.809904,9.05,0,0
14,38,0.866314,0.772208,9.05,0,0
14,39,0.856188,0.735656,9.05,0,0
14,40,0.853498,0.718563,9.05,0,0
14,41,0.833582,0.6973,9.05,0,0
14,42,0.824862,0.73021,9.05,0,0
14,43,0.797907,0.701779,9.05,0,0
14,44,0.781887,0.678981,9.05,0,0
14,45,0.765449,0.67676,9.05,0,0
14,46,0.744949,0.647848,9.05,0,0
14,47,0.745225,0.63182,9.05,0,0
14,48,0.762184,0.668475,9.05,0,0
14,49,0.759044,0.656396,9.05,0,0
14,50,0.74705,0.690132,27.139,0,0
14,51,0.75085,0.667066,27.139,0,0
14,52,0.740289,0.675377,27.139,0,0
15,1,0.864927,1,305.453,0,0
15,2,0.914422,1,512.648,0,0
15,3,0.928785,1,110.377,0,0
15,4,0.957149,1,327.589,0,0
15,5,1,1,924.269,0,0
15,6,1,1,220.705,0,0
15,7,1,1,988.603,0,0
15,8,1,1,904.865,0,0
15,9,1,1,416.314,0,0
15,10,1,1,863.745,0,0
15,11,1,1,2518.91,0,0
15,12,1,1,501.088,0,0
15,13,1,1,905.901,0,0
15,14,1,1,458.24,0,0
15,15,0.997122,1,218.056,0,0
15,16,1,1,283.956,0,0
15,17,1,1,1015.48,0,0
15,18,0.984524,1,199.053,0,0
15,19,0.965699,0.970454,27.139,0,0
15,20,0.947607,0.948034,27.139,0,0
15,21,0.930428,0.919538,27.139,0,0
15,22,0.963067,1,119.53,0,0
15,23,0.977436,1,21.5754,0,0
15,24,0.959307,1,236.291,0,0
15,25,0.965332,1,408.112,0,0
15,26,0.973134,1,296.987,0,0
15,27,0.950518,0.977248,9.05,0,0
15,28,0.939794,1,21.5053,0,0
15,29,0.992486,1,1553.19,0,0
15,30,0.955924,0.979259,9.05,0,0
15,31,0.924,0.971779,9.05,0,0
15,32,0.949223,1,112.301,0,0
15,33,0.921363,0.986919,9.05,0,0
15,34,0.904063,0.973309,9.05,0,0
15,35,0.895626,0.979469,9.05,0,0
15,36,0.855119,0.942776,9.05,0,0
15,37,0.964509,0.97671,9.05,0,0
15,38,0.945581,0.954819,9.05,0,0
15,39,0.973263,0.933023,9.05,0,0
15,40,0.968038,0.93198,9.05,0,0
15,41,0.948649,0.9113,9.05,0,0
15,42,0.930241,0.876241,9.05,0,0
15,43,0.895176,0.845665,9.05,0,0
15,44,0.877493,0.807641,9.05,0,0
15,45,0.8735,0.774227,9.05,0,0
15,46,0.952879,0.762491,9.05,0,0
15,47,0.964837,0.811036,9.05,0,0
15,48,0.967511,0.801941,9.05,0,0
15,49,0.973054,0.8051,9.05,0,0
15,50,0.949597,0.769887,27.139,0,0
15,51,0.963485,0.741089,27.139,0,0
15,52,0.951603,0.715263,27.139,0,0
16,1,0.958841,0.886256,31.016,0,0
16,2,0.952986,0.888981,27.139,0,0
16,3,0.953219,0.932045,27.139,0,0
16,4,0.952736,1,1633.46,0,0
16,5,0.94982,1,8725.96,0,0
16,6,0.947948,1,504.317,0,0
16,7,0.945973,1,889.317,0,0
16,8,0.947004,1,5048.34,0,0
16,9,0.943316,1,562.766,0,0
16,10,0.942689,1,291.419,0,0
16,11,0.939644,1,593.36,0,0
16,12,0.936476,1,504.627,0,0
16,13,0.933014,1,2181.39,0,0
16,14,0.930282,1,1410.9,0,0
16,15,0.928017,1,730.701,0,0
16,16,0.924581,1,509.721,0,0
16,17,0.922421,1,507.725,0,0
16,18,0.893543,0.985813,27.139,0,0
16,19,0.866078,0.965055,27.139,0,0
16,20,0.835939,0.947198,27.139,0,0
16,21,0.820802,0.942594,27.139,0,0
16,22,0.786952,0.939659,27.139,0,0
16,23,0.87673,1,335.673,0,0
16,24,0.887608,0.999347,9.05,0,0
16,25,0.866064,1,96.3619,0,0
16,26,0.877285,1,324.851,0,0
16,27,0.959208,0.983923,9.05,0,0
16,28,0.935431,0.998709,9.05,0,0
16,29,0.958936,1,268.962,0,0
16,30,0.955159,1,26.0931,0,0
16,31,0.960589,1,327.168,0,0
16,32,0.964615,0.980114,9.05,0,0
16,33,0.961462,1,27.9912,0,0
16,34,0.974875,0.99912,9.05,0,0
16,35,0.943771,1,106.682,0,0
16,36,0.943693,0.989048,9.05,0,0
16,37,0.991056,1,1832.02,0,0
16,38,1,1,2800.71,0,0
16,39,1,1,6617.54,0,0
16,40,0.969364,0.99539,9.05,0,0
16,41,0.964928,0.954581,9.05,0,0
16,42,0.948348,0.954677,9.05,0,0
16,43,0.922347,0.932553,9.05,0,0
16,44,0.897587,0.919308,9.05,0,0
16,45,0.880493,0.884811,9.05,0,0
16,46,0.885176,0.855689,9.05,0,0
16,47,0.86655,0.847223,9.05,0,0
16,48,0.853005,0.82509,9.05,0,0
16,49,0.838663,0.843606,9.05,0,0
16,50,0.851623,1,363.06,0,0
16,51,0.853639,1,463.283,0,0
16,52,0.852662,1,197.754,0,0
17,1,0.845107,0.984225,34.893,0,0
17,2,0.937136,1,296.732,0,0
17,3,0.981319,1,2971.94,0,0
17,4,0.980779,1,1454.94,0,0
17,5,0.980415,1,1025.63,0,0
17,6,0.978733,1,473.811,0,0
17,7,0.980349,1,2821.28,0,0
17,8,0.980291,1,3521.84,0,0
17,9,0.979598,1,3752.66,0,0
17,10,0.983126,1,2241.58,0,0
17,11,0.981705,1,1926.09,0,0
17,12,0.982244,1,1130.27,0,0
17,13,0.981093,1,2308.37,0,0
17,14,0.980297,1,4594.6,0,0
17,15,0.97863,1,1849.98,0,0
17,16,0.981655,1,1136.13,0,0
17,17,0.978922,1,728.936,0,0
17,18,0.981078,1,242.467,0,0
17,19,0.992727,1,2225.56,0,0
17,20,0.993646,1,1073.54,0,0
17,21,0.994554,1,802.916,0,0
17,22,1,1,1222.14,0,0
17,23,1,1,892.169,0,0
17,24,1,1,1023.67,0,0
17,25,0.989431,1,805.588,0,0
17,26,0.983972,1,1310.92,0,0
17,27,0.985436,1,537.932,0,0
17,28,0.981881,1,212.934,0,0
17,29,0.96729,0.982157,9.05,0,0
17,30,0.947301,0.966838,9.05,0,0
17,31,0.971053,1,162.015,0,0
17,32,0.950385,1,65.5671,0,0
17,33,0.999937,1,408.738,0,0
17,34,0.996458,1,295.44,0,0
17,35,0.967489,0.986924,9.05,0,0
17,36,0.955238,0.994295,9.05,0,0
17,37,0.932497,0.971755,9.05,0,0
17,38,0.892804,0.922967,9.05,0,0
17,39,0.872099,0.879751,9.05,0,0
17,40,0.85442,0.846034,9.05,0,0
17,41,0.816391,0.811247,9.05,0,0
17,42,0.791882,0.794252,9.05,0,0
17,43,0.7835,0.770932,9.05,0,0
17,44,0.783948,0.754978,9.05,0,0
17,45,0.803583,0.73612,9.05,0,0
17,46,0.883683,0.737364,9.05,0,0
17,47,0.892927,0.726956,9.05,0,0
17,48,0.918452,0.742426,9.05,0,0
17,49,1,0.737143,9.05,0,0
17,50,1,0.72122,27.139,0,0
17,51,1,0.749284,27.139,0,0
17,52,1,0.76794,27.139,0,0
18,1,1,0.810954,31.016,0,0
18,2,1,0.934347,27.139,0,0
18,3,1,1,637.504,0,0
18,4,1,1,1918.98,0,0
18,5,1,1,2446.07,0,0
18,6,1,1,752.542,0,0
18,7,1,1,2397.59,0,0
18,8,1,1,849.36,0,0
18,9,1,1,1373.66,0,0
18,10,1,1,1355.35,0,0
18,11,1,1,2842.77,0,0
18,12,1,1,6149.69,0,0
18,13,1,1,2090.66,0,0
18,14,1,1,1151.89,0,0
18,15,1,1,1207.3,0,0
18,16,1,1,1456.54,0,0
18,17,1,1,538.51,0,0
18,18,1,1,403.119,0,0
18,19,1,1,58.0448,0,0
18,20,1,0.98661,27.139,0,0
18,21,1,1,897.603,0,0
18,22,1,1,486.685,0,0
18,23,0.971286,1,74.52,0,0
18,24,0.956127,1,26.2656,0,0
18,25,0.949352,1,446.166,0,0
18,26,0.95139,1,274.04,0,0
18,27,0.949548,0.967827,9.05,0,0
18,28,0.954336,0.954788,9.05,0,0
18,29,0.988072,1,27.4445,0,0
18,30,0.964322,1,226.622,0,0
18,31,0.938474,1,86.4873,0,0
18,32,1,1,248.059,0,0
18,33,1,1,265.571,0,0
18,34,1,0.987855,9.05,0,0
18,35,1,0.967269,9.05,0,0
18,36,1,0.97949,9.05,0,0
18,37,1,0.965653,9.05,0,0
18,38,1,1,92.5202,0,0
18,39,1,0.989637,9.05,0,0
18,40,1,1,553.958,0,0
18,41,1,1,1588.64,0,0
18,42,1,1,1599.35,0,0
18,43,1,1,5458.28,0,0
18,44,1,1,753.363,0,0
18,45,1,1,571.085,0,0
18,46,1,1,2616.1,0,0
18,47,1,1,3771.8,0,0
18,48,1,1,43021.8,0,0
18,49,1,1,23282.9,0,0
18,50,1,1,15865.4,0,0
18,51,1,1,24313.9,0,0
18,52,1,1,7205.69,0,0
19,1,1,1,2051.3,0,0
19,2,1,1,621.574,0,0
19,3,1,1,5853.85,0,0
19,4,1,1,6595.33,0,0
19,5,1,1,3043.02,0,0
19,6,1,1,6276.15,0,0
19,7,1,1,3592.67,0,0
19,8,1,1,882.824,0,0
19,9,1,1,1179.6,0,0
19,10,1,1,2762.74,0,0
19,11,1,1,2654.34,0,0
19,12,1,1,1964.66,0,0
19,13,1,1,1284.92,0,0
19,14,1,1,723.431,0,0
19,15,1,1,1457.66,0,0
19,16,1,1,415.154,0,0
19,17,1,1,445.645,0,0
19,18,1,1,148.426,0,0
19,19,1,1,314.056,0,0
19,20,1,1,301.976,0,0
19,21,1,0.996876,27.139,0,0
19,22,0.99824,0.957797,27.139,0,0
19,23,0.997431,0.951076,9.05,0,0
19,24,0.99869,0.969884,9.05,0,0
19,25,0.997486,1,205.997,0,0
19,26,0.997187,1,650.596,0,0
19,27,1,1,1074.52,0,0
19,28,1,1,3136.73,0,0
19,29,1,0.964338,9.05,0,0
19,30,0.971033,0.929803,9.05,0,0
19,31,1,0.928037,9.05,0,0
19,32,1,0.908486,9.05,0,0
19,33,0.99508,0.888084,9.05,0,0
19,34,0.9838,0.860468,9.05,0,0
19,35,1,0.831033,9.05,0,0
19,36,0.987151,0.825808,9.05,0,0
19,37,0.984247,0.802477,9.05,0,0
19,38,0.961352,0.768179,9.05,0,0
19,39,0.933644,0.724454,9.05,0,0
19,40,0.89348,0.679348,9.05,0,0
19,41,0.859658,0.636354,9.05,0,0
19,42,0.860347,0.625315,9.05,0,0
19,43,0.86671,0.614626,9.05,0,0
19,44,0.857463,0.591436,9.05,0,0
19,45,0.829942,0.566699,9.05,0,0
19,46,0.859313,0.607024,9.05,0,0
19,47,0.852065,0.614726,9.05,0,0
19,48,0.852073,0.748078,9.05,0,0
19,49,0.846489,0.729753,9.05,0,0
19,50,0.849434,0.768402,27.139,0,0
19,51,0.879587,1,664.135,0,0
19,52,0.934131,1,1436.61,0,0
20,1,1,1,6144.98,0,0
20,2,0.998676,1,491.094,0,0
20,3,1,1,2222,0,0
20,4,1,1,4641.11,0,0
20,5,1,1,6618.93,0,0
20,6,0.999405,1,542.251,0,0
20,7,1,1,1009.26,0,0
20,8,1,1,2279.91,0,0
20,9,1,1,565.682,0,0
20,10,0.996883,1,159.003,0,0
20,11,0.998934,1,536.431,0,0
20,12,0.997875,1,1042.25,0,0
20,13,1,1,936.82,0,0
20,14,0.99879,1,244.339,0,0
20,15,0.999798,1,478.181,0,0
20,16,0.99274,1,146.398,0,0
20,17,1,1,158.443,0,0
20,18,1,1,54.6429,0,0
20,19,0.973446,0.998052,27.139,0,0
20,20,0.98398,1,115.736,0,0
20,21,0.966295,1,109.47,0,0
20,22,0.940769,1,113.3,0,0
20,23,0.952263,1,100.102,0,0
20,24,0.918821,0.967755,9.05,0,0
20,25,0.892562,0.96975,9.05,0,0
20,26,0.852272,0.936969,9.05,0,0
20,27,0.829655,0.938374,9.05,0,0
20,28,0.811104,0.894083,9.05,0,0
20,29,0.787438,0.866728,9.05,0,0
20,30,0.758001,0.82808,9.05,0,0
20,31,0.718428,0.804887,9.05,0,0
20,32,0.699301,0.753082,9.05,0,0
20,33,0.663245,0.696544,9.05,0,0
20,34,0.632234,0.663548,9.05,0,0
20,35,0.623363,0.625042,9.05,0,0
20,36,0.593575,0.632152,9.05,0,0
20,37,0.580251,0.635631,9.05,0,0
20,38,0.567734,0.616094,9.05,0,0
20,39,0.540637,0.575866,9.05,0,0
20,40,0.517028,0.55276,9.05,0,0
20,41,0.51076,0.524643,9.05,0,0
20,42,0.503361,0.569702,9.05,0,0
20,43,0.482653,0.597741,9.05,294.341,0
20,44,0.460067,0.524553,9.05,689.362,0
20,45,0.48709,0.366293,9.05,216.743,0
20,46,0.523027,0.465144,9.05,0,0
20,47,0.517626,0.544891,9.05,0,0
20,48,0.511903,0.678359,9.05,0,0
20,49,0.508471,0.729318,9.05,0,0
20,50,0.523197,0.94407,27.139,0,0
20,51,0.518703,1,72.0573,0,0
20,52,0.536547,1,331.601,0,0
21,1,0.549999,1,143.49,0,0
21,2,0.812523,1,1301.92,0,0
21,3,1,1,5691.78,0,0
21,4,1,1,851.04,0,0
21,5,1,1,1456.78,0,0
21,6,1,1,1206.57,0,0
21,7,1,1,4836.43,0,0
21,8,1,1,3009.87,0,0
21,9,1,1,2847.1,0,0
21,10,1,1,1036.45,0,0
21,11,1,1,1674.91,0,0
21,12,1,1,2565.01,0,0
21,13,1,1,2831.85,0,0
21,14,1,1,5662.68,0,0
21,15,1,1,2912.68,0,0
21,16,1,1,1264.74,0,0
21,17,1,1,420.697,0,0
21,18,1,1,633.199,0,0
21,19,1,1,822.62,0,0
21,20,1,1,2034.36,0,0
21,21,1,1,212.785,0,0
21,22,1,1,216.767,0,0
21,23,0.987313,1,256.126,0,0
21,24,0.966675,1,59.2155,0,0
21,25,0.946912,0.975295,9.05,0,0
21,26,0.924528,0.957946,9.05,0,0
21,27,0.920298,1,199.018,0,0
21,28,0.900476,0.986662,9.05,0,0
21,29,0.894165,0.972828,9.05,0,0
21,30,0.859636,0.950295,9.05,0,0
21,31,0.841253,0.961996,9.05,0,0
21,32,0.822134,0.987278,9.05,0,0
21,33,0.793083,0.998762,9.05,0,0
21,34,0.773194,0.977806,9.05,0,0
21,35,0.757534,0.962053,9.05,0,0
21,36,0.736497,0.959708,9.05,0,0
21,37,0.708383,0.920616,9.05,0,0
21,38,0.675263,0.879925,9.05,0,0
21,39,0.650369,0.839484,9.05,0,0
21,40,0.62293,0.78843,9.05,0,0
21,41,0.626063,0.777044,9.05,0,0
21,42,0.604499,0.854876,9.05,0,0
21,43,0.590451,0.950886,9.05,0,0
21,44,0.596312,1,129.109,0,0
21,45,0.589823,1,196.095,0,0
21,46,0.618468,1,935.016,0,0
21,47,0.595376,0.990928,9.05,0,0
21,48,0.595132,1,434.119,0,0
21,49,0.622745,1,565.31,0,0
21,50,0.629935,1,549.932,0,0
21,51,0.719244,1,2125.01,0,0
21,52,0.732702,1,504.522,0,0
22,1,0.730601,1,169.771,0,0
22,2,0.718301,0.988832,27.139,0,0
22,3,0.737829,1,161.843,0,0
22,4,0.743719,1,127.645,0,0
22,5,0.793746,1,327.002,0,0
22,6,0.852166,1,538.2,0,0
22,7,0.966168,1,575.486,0,0
22,8,1,1,2410.54,0,0
22,9,1,1,1706.56,0,0
22,10,1,1,1459.22,0,0
22,11,1,1,4689.78,0,0
22,12,1,1,234.351,0,0
22,13,1,1,3556.16,0,0
22,14,1,1,741.3,0,0
22,15,1,1,537.754,0,0
22,16,1,1,999.683,0,0
22,17,1,1,1290.4,0,0
22,18,0.988192,1,158.221,0,0
22,19,1,1,613.871,0,0
22,20,0.996896,1,175.673,0,0
22,21,0.995896,1,110.448,0,0
22,22,0.992472,1,424.207,0,0
22,23,0.965549,1,13.0081,0,0
22,24,0.935052,0.992134,9.05,0,0
22,25,0.924396,1,240.482,0,0
22,26,0.923608,1,102.622,0,0
22,27,0.98092,1,1476.82,0,0
22,28,0.992265,1,933.952,0,0
22,29,0.996847,1,20.6104,0,0
22,30,0.968667,0.960072,9.05,0,0
22,31,0.939845,0.954554,9.05,0,0
22,32,0.90122,0.932191,9.05,0,0
22,33,0.863458,0.910136,9.05,0,0
22,34,0.838898,0.874405,9.05,0,0
22,35,0.817645,0.841627,9.05,0,0
22,36,0.792757,0.802576,9.05,0,0
22,37,0.751222,0.784124,9.05,0,0
22,38,0.717131,0.729389,9.05,0,0
22,39,0.676126,0.693099,9.05,0,0
22,40,0.656388,0.649079,9.05,0,0
22,41,0.620087,0.604107,9.05,0,0
22,42,0.586614,0.573051,9.05,0,0
22,43,0.549523,0.532369,9.05,0,0
22,44,0.530159,0.499276,9.05,0,0
22,45,0.508698,0.451343,9.05,0,0
22,46,0.494528,0.410777,9.05,86.6548,0
22,47,0.4668,0.310186,9.05,0,64.6686
22,48,0.447508,0.251709,9.05,0,0
22,49,0.437129,0.220653,9.05,0,0
22,50,0.430739,0.200292,27.139,0,0
22,51,0.419042,0.206094,27.139,0,0
22,52,0.406153,0.20829,27.139,0,0
23,1,0.396337,0.19089,31.016,0,0
23,2,0.407964,0.191258,27.139,0,0
23,3,0.467717,0.294183,27.139,0,0
23,4,0.58353,0.54645,27.139,0,0
23,5,0.660584,0.64969,27.139,0,0
23,6,0.678997,0.644695,27.139,0,0
23,7,0.799382,0.753736,27.139,0,0
23,8,0.951151,0.894961,27.139,0,0
23,9,0.951063,0.950243,27.139,0,0
23,10,0.95518,0.984478,27.139,0,0
23,11,0.964316,1,2055.61,0,0
23,12,0.976004,1,1001.54,0,0
23,13,0.980837,1,110.017,0,0
23,14,0.988059,1,126.971,0,0
23,15,0.971159,0.972615,27.139,0,0
23,16,0.946595,0.944767,27.139,0,0
23,17,0.919168,0.915618,27.139,0,0
23,18,0.983311,1,995.565,0,0
23,19,0.970777,1,31.3378,0,0
23,20,0.983574,1,31.7677,0,0
23,21,0.972306,0.975858,27.139,0,0
23,22,0.954564,0.965699,27.139,0,0
23,23,0.923632,0.928315,9.05,0,0
23,24,0.907468,0.896424,9.05,0,0
23,25,0.896988,0.883567,9.05,0,0
23,26,0.855578,0.86271,9.05,0,0
23,27,0.823346,0.838705,9.05,0,0
23,28,0.805224,0.796026,9.05,0,0
23,29,0.779318,0.747397,9.05,0,0
23,30,0.780608,0.720944,9.05,0,0
23,31,0.76424,0.682798,9.05,0,0
23,32,0.74982,0.63301,9.05,0,0
23,33,0.720956,0.595153,9.05,0,0
23,34,0.91202,0.577822,9.05,0,0
23,35,0.897579,0.54057,9.05,0,0
23,36,0.962181,0.617611,9.05,0,0
23,37,0.956,0.567197,9.05,0,0
23,38,0.935327,0.523412,9.05,0,0
23,39,0.958742,0.509497,9.05,0,0
23,40,0.98029,0.488835,9.05,0,0
23,41,0.99938,0.457791,9.05,0,0
23,42,0.996367,0.466246,9.05,0,0
23,43,0.972617,0.432664,9.05,0,0
23,44,0.964268,0.426109,9.05,0,0
23,45,0.964507,0.445673,9.05,0,0
23,46,0.949363,0.436753,9.05,0,0
23,47,1,0.701405,9.05,0,0
23,48,1,0.77466,9.05,0,0
23,49,1,0.756309,9.05,0,0
23,50,0.980743,0.815095,27.139,0,0
23,51,0.967595,0.860899,27.139,0,0
23,52,0.970887,0.878912,27.139,0,0
24,1,1,1,4129.32,0,0
24,2,0.998817,1,1359.02,0,0
24,3,0.99818,1,1147.17,0,0
24,4,1,1,1377.9,0,0
24,5,1,1,1465.19,0,0
24,6,1,1,3121.02,0,0
24,7,1,1,1015.59,0,0
24,8,1,1,302.185,0,0
24,9,1,1,910.569,0,0
24,10,1,1,2793.04,0,0
24,11,1,1,1191.63,0,0
24,12,1,1,2702.28,0,0
24,13,1,1,2305.33,0,0
24,14,1,1,942.131,0,0
24,15,1,1,1037.04,0,0
24,16,0.994756,1,187.306,0,0
24,17,0.999891,1,893.502,0,0
24,18,0.986018,1,360.516,0,0
24,19,0.972603,1,154.543,0,0
24,20,0.948362,0.978396,27.139,0,0
24,21,0.950368,0.961925,27.139,0,0
24,22,0.933323,0.984395,27.139,0,0
24,23,0.895747,0.967962,9.05,0,0
24,24,0.863082,0.955033,9.05,0,0
24,25,0.82595,0.921923,9.05,0,0
24,26,0.815116,0.893834,9.05,0,0
24,27,0.783027,0.841945,9.05,0,0
24,28,0.757808,0.803658,9.05,0,0
24,29,0.733722,0.778086,9.05,0,0
24,30,0.710618,0.758179,9.05,0,0
24,31,0.683888,0.745132,9.05,0,0
24,32,0.713137,0.80622,9.05,0,0
24,33,0.686052,0.779785,9.05,0,0
24,34,0.670077,0.876764,9.05,0,0
24,35,0.648125,0.869944,9.05,0,0
24,36,0.645109,0.877223,9.05,0,0
24,37,0.627633,0.873642,9.05,0,0
24,38,0.621122,0.849324,9.05,0,0
24,39,0.612252,0.830697,9.05,0,0
24,40,0.597319,0.801014,9.05,0,0
24,41,0.579732,0.786866,9.05,0,0
24,42,0.545598,0.755585,9.05,0,0
24,43,0.523681,0.729486,9.05,0,0
24,44,0.500801,0.695896,9.05,0,0
24,45,0.469509,0.682027,9.05,524.22,0
24,46,0.439193,0.476177,9.05,991.567,62.8779
24,47,0.445418,0.109253,9.05,0,0
24,48,0.437648,0.0955087,9.05,0,0
24,49,0.430915,0.0971248,9.05,0,0
24,50,0.408831,0.079691,27.139,0,0
24,51,0.39887,0.0455323,27.139,0,0
24,52,0.386922,0.0403045,27.139,0,0
25,1,0.445287,0.20985,34.893,0,0
25,2,0.4295,0.181917,27.139,0,0
25,3,0.416744,0.159446,27.139,0,0
25,4,0.436369,0.182922,27.139,0,0
25,5,0.454909,0.177056,27.139,0,0
25,6,0.439346,0.139924,27.139,0,0
25,7,0.424429,0.129215,27.139,0,0
25,8,0.51192,0.396982,27.139,0,0
25,9,0.535919,0.486945,27.139,0,0
25,10,0.542458,0.521348,27.139,0,0
25,11,0.561505,0.683349,27.139,0,0
25,12,0.675016,0.710179,27.139,0,0
25,13,0.920645,0.911722,27.139,0,0
25,14,0.923996,1,2258.07,0,0
25,15,0.926246,1,1040.12,0,0
25,16,0.926645,1,831.899,0,0
25,17,0.928118,1,1455.72,0,0
25,18,0.923459,1,51.568,0,0
25,19,0.908246,0.978092,27.139,0,0
25,20,0.897621,0.957354,27.139,0,0
25,21,0.898131,0.929209,27.139,0,0
25,22,0.884089,0.938016,27.139,0,0
25,23,0.929346,0.985712,9.05,0,0
25,24,0.893374,0.953142,9.05,0,0
25,25,0.855048,0.90702,9.05,0,0
25,26,0.834913,0.869993,9.05,0,0
25,27,0.813918,0.830437,9.05,0,0
25,28,0.783061,0.790942,9.05,0,0
25,29,0.743023,0.764101,9.05,0,0
25,30,0.915252,0.821002,9.05,0,0
25,31,0.913947,0.811496,9.05,0,0
25,32,0.900702,0.797473,9.05,0,0
25,33,0.88967,0.77066,9.05,0,0
25,34,0.855859,0.733581,9.05,0,0
25,35,0.819517,0.697014,9.05,0,0
25,36,0.794894,0.667475,9.05,0,0
25,37,0.759788,0.629154,9.05,0,0
25,38,0.729831,0.588427,9.05,0,0
25,39,0.702697,0.57414,9.05,0,0
25,40,0.714632,0.630499,9.05,0,0
25,41,0.685472,0.602949,9.05,0,0
25,42,0.68377,0.605692,9.05,0,0
25,43,0.673592,0.620752,9.05,0,0
25,44,0.659125,0.592103,9.05,0,0
25,45,0.634999,0.557286,9.05,0,0
25,46,0.610607,0.521478,9.05,0,0
25,47,0.592024,0.495205,9.05,0,0
25,48,0.586709,0.468754,9.05,0,0
25,49,0.574485,0.524425,9.05,0,0
25,50,0.645649,1,1283.97,0,0
25,51,0.664004,1,693.458,0,0
25,52,0.752896,1,1171.72,0,0
26,1,0.743141,0.968457,31.016,0,0
26,2,0.919635,1,406.707,0,0
26,3,0.951934,1,2422.84,0,0
26,4,0.97206,1,250.814,0,0
26,5,0.995725,1,944.604,0,0
26,6,1,1,970.108,0,0
26,7,1,1,1923.93,0,0
26,8,1,1,145.775,0,0
26,9,1,1,1138.76,0,0
26,10,1,1,1985.53,0,0
26,11,1,1,357.577,0,0
26,12,1,1,604.064,0,0
26,13,1,1,870.035,0,0
26,14,1,1,1155.83,0,0
26,15,1,1,377.946,0,0
26,16,0.992166,0.998154,27.139,0,0
26,17,0.965993,0.972563,27.139,0,0
26,18,0.992623,0.987913,27.139,0,0
26,19,0.998397,0.995105,27.139,0,0
26,20,0.99528,1,152.609,0,0
26,21,0.994563,1,183.751,0,0
26,22,0.994835,1,194.558,0,0
26,23,1,0.992582,9.05,0,0
26,24,0.99591,1,13.6584,0,0
26,25,0.999241,1,664.314,0,0
26,26,0.993887,1,352.718,0,0
26,27,0.968679,1,406.117,0,0
26,28,0.985708,0.987273,9.05,0,0
26,29,0.982874,0.964482,9.05,0,0
26,30,0.971235,0.918739,9.05,0,0
26,31,0.936724,0.870149,9.05,0,0
26,32,0.908661,0.82005,9.05,0,0
26,33,0.882141,0.772535,9.05,0,0
26,34,0.879272,0.741927,9.05,0,0
26,35,0.864175,0.706692,9.05,0,0
26,36,0.851399,0.703005,9.05,0,0
26,37,0.805852,0.651537,9.05,0,0
26,38,0.768526,0.592067,9.05,0,0
26,39,0.757127,0.558943,9.05,0,0
26,40,0.800446,0.54853,9.05,0,0
26,41,0.805195,0.50521,9.05,0,0
26,42,0.826688,0.525627,9.05,0,0
26,43,0.886678,0.519059,9.05,0,0
26,44,0.993005,0.560506,9.05,0,0
26,45,1,0.544548,9.05,0,0
26,46,1,0.537298,9.05,0,0
26,47,1,0.570666,9.05,0,0
26,48,1,0.596465,9.05,0,0
26,49,1,0.599352,9.05,0,0
26,50,1,0.624042,27.139,0,0
26,51,1,0.637653,27.139,0,0
26,52,1,0.685492,27.139,0,0
27,1,1,0.904818,31.016,0,0
27,2,1,0.91718,27.139,0,0
27,3,1,1,985.966,0,0
27,4,1,1,2043.01,0,0
27,5,1,1,462.473,0,0
27,6,1,1,271.679,0,0
27,7,1,1,39.9629,0,0
27,8,1,0.99799,27.139,0,0
27,9,1,1,1199.7,0,0
27,10,1,1,1948.26,0,0
27,11,1,1,1367.19,0,0
27,12,1,1,280.942,0,0
27,13,1,1,746.26,0,0
27,14,1,1,290.129,0,0
27,15,1,1,315.584,0,0
27,16,1,1,256.678,0,0
27,17,1,1,385.934,0,0
27,18,0.982255,1,78.3069,0,0
27,19,0.968082,0.978334,27.139,0,0
27,20,0.961534,0.980039,27.139,0,0
27,21,0.956696,0.963708,27.139,0,0
27,22,0.938493,0.930803,27.139,0,0
27,23,0.91365,0.954573,9.05,0,0
27,24,0.910322,0.972398,9.05,0,0
27,25,0.886916,0.935104,9.05,0,0
27,26,0.859012,0.912811,9.05,0,0
27,27,0.823692,0.887312,9.05,0,0
27,28,0.774856,0.934085,9.05,0,0
27,29,0.728511,0.895085,9.05,0,0
27,30,0.694108,0.849539,9.05,0,0
27,31,0.692354,0.84817,9.05,0,0
27,32,0.729636,0.800828,9.05,0,0
27,33,0.694834,0.759327,9.05,0,0
27,34,0.681045,0.705026,9.05,0,0
27,35,0.652547,0.661178,9.05,0,0
27,36,0.621013,0.616673,9.05,0,0
27,37,0.916711,1,3723.85,0,0
27,38,0.92338,1,70.5133,0,0
27,39,0.910546,0.980318,9.05,0,0
27,40,0.882432,0.938102,9.05,0,0
27,41,0.938719,0.907191,9.05,0,0
27,42,0.927378,0.902082,9.05,0,0
27,43,0.909686,0.874478,9.05,0,0
27,44,0.893322,0.854923,9.05,0,0
27,45,0.942078,0.937703,9.05,0,0
27,46,1,1,864.998,0,0
27,47,1,1,101.457,0,0
27,48,1,1,407.771,0,0
27,49,1,1,1830.58,0,0
27,50,0.980761,0.98806,27.139,0,0
27,51,1,1,679.437,0,0
27,52,1,1,690.028,0,0
28,1,1,1,1356.74,0,0
28,2,1,1,1735.96,0,0
28,3,1,1,978.118,0,0
28,4,1,1,1125.1,0,0
28,5,1,1,2935.59,0,0
28,6,1,1,606.395,0,0
28,7,1,1,2733.12,0,0
28,8,1,1,9764.11,0,0
28,9,1,1,4168.25,0,0
28,10,1,1,9987.28,0,0
28,11,1,1,560.871,0,0
28,12,1,1,3125.94,0,0
28,13,1,1,6886.76,0,0
28,14,1,1,7800.62,0,0
28,15,1,1,11340.7,0,0
28,16,1,1,5402.4,0,0
28,17,1,1,3268.74,0,0
28,18,1,1,4513.16,0,0
28,19,1,1,8543.99,0,0
28,20,1,1,3827.27,0,0
28,21,1,1,1280.06,0,0
28,22,0.996282,1,470.233,0,0
28,23,0.993459,1,398.087,0,0
28,24,0.980675,1,169.503,0,0
28,25,0.974437,1,105.471,0,0
28,26,0.9208,0.963484,9.05,0,0
28,27,0.89564,0.917408,9.05,0,0
28,28,0.86353,0.873916,9.05,0,0
28,29,0.811738,0.838826,9.05,0,0
28,30,0.793483,0.989159,9.05,0,0
28,31,0.802627,1,374.232,0,0
28,32,0.859073,1,2170.34,0,0
28,33,0.919653,1,1169.65,0,0
28,34,0.918126,1,1193.2,0,0
28,35,0.970688,1,4005.06,0,0
28,36,0.973452,1,2322.7,0,0
28,37,0.965491,1,161.314,0,0
28,38,0.981619,1,1866.82,0,0
28,39,0.958018,1,807.747,0,0
28,40,1,1,2517.45,0,0
28,41,1,1,1357.6,0,0
28,42,1,1,2775.63,0,0
28,43,1,1,2308.63,0,0
28,44,1,1,1772.48,0,0
28,45,0.990653,1,284.784,0,0
28,46,0.982501,0.982784,9.05,0,0
28,47,0.957519,0.967076,9.05,0,0
28,48,0.946606,0.970152,9.05,0,0
28,49,0.918575,0.963881,9.05,0,0
28,50,0.898654,0.976287,27.139,0,0
28,51,0.883674,0.971408,27.139,0,0
28,52,0.924333,0.984926,27.139,0,0
29,1,1,1,1163.9,0,0
29,2,1,1,4108,0,0
29,3,1,1,1381.57,0,0
29,4,1,0.978593,27.139,0,0
29,5,1,1,665.544,0,0
29,6,1,1,2653.82,0,0
29,7,1,1,1263.84,0,0
29,8,1,1,291.665,0,0
29,9,1,1,1662.82,0,0
29,10,1,1,8715.37,0,0
29,11,1,1,11702.3,0,0
29,12,1,1,3476.17,0,0
29,13,1,1,2151.1,0,0
29,14,1,1,4248,0,0
29,15,1,1,2368.51,0,0
29,16,1,1,2008.09,0,0
29,17,1,1,841.246,0,0
29,18,1,1,528.293,0,0
29,19,1,1,624.118,0,0
29,20,0.976463,1,145.063,0,0
29,21,1,1,115.486,0,0
29,22,1,1,1270.58,0,0
29,23,0.978862,0.992152,9.05,0,0
29,24,0.957431,1,235.091,0,0
29,25,0.995212,1,593.381,0,0
29,26,0.9928,1,1036.05,0,0
29,27,0.954944,1,107.255,0,0
29,28,0.981209,1,4397.54,0,0
29,29,0.976279,1,168.144,0,0
29,30,0.933222,0.985701,9.05,0,0
29,31,0.962333,1,1589.02,0,0
29,32,0.935726,1,141.32,0,0
29,33,0.920214,1,771.74,0,0
29,34,0.886056,1,332.59,0,0
29,35,0.92534,1,154.776,0,0
29,36,0.935221,0.962823,9.05,0,0
29,37,0.933414,0.961621,9.05,0,0
29,38,0.907282,0.918956,9.05,0,0
29,39,0.912556,0.869352,9.05,0,0
29,40,0.923846,0.89464,9.05,0,0
29,41,0.889312,0.85154,9.05,0,0
29,42,0.867299,0.823032,9.05,0,0
29,43,0.866476,0.80114,9.05,0,0
29,44,0.858594,0.766234,9.05,0,0
29,45,0.891694,0.871342,9.05,0,0
29,46,0.921678,0.855809,9.05,0,0
29,47,0.907355,0.824116,9.05,0,0
29,48,0.98326,0.879418,9.05,0,0
29,49,1,0.902793,9.05,0,0
29,50,0.98565,0.879716,27.139,0,0
29,51,1,1,820.757,0,0
29,52,1,1,652.305,0,0
30,1,1,1,1190.65,0,0
30,2,0.997864,1,5342.25,0,0
30,3,0.997173,1,485.047,0,0
30,4,1,1,1452.69,0,0
30,5,1,1,994.996,0,0
30,6,1,1,4221.1,0,0
30,7,1,1,3148.85,0,0
30,8,1,1,4704.37,0,0
30,9,1,1,1167.79,0,0
30,10,0.994394,1,2475.86,0,0
30,11,0.98847,1,646.724,0,0
30,12,0.983774,1,1695.27,0,0
30,13,0.983343,1,1967.8,0,0
30,14,0.979718,1,804.759,0,0
30,15,0.976182,1,1501.25,0,0
30,16,0.972926,1,790.435,0,0
30,17,0.969108,1,2531.83,0,0
30,18,0.968294,1,727.852,0,0
30,19,0.951546,0.989942,27.139,0,0
30,20,0.930239,0.951445,27.139,0,0
30,21,0.918955,0.927376,27.139,0,0
30,22,0.939389,0.940209,27.139,0,0
30,23,0.96547,1,1485.96,0,0
30,24,0.960182,1,339.405,0,0
30,25,0.929511,1,204.259,0,0
30,26,0.969585,1,687.118,0,0
30,27,1,1,516.273,0,0
30,28,1,1,609.2,0,0
30,29,1,1,203.072,0,0
30,30,1,1,852.261,0,0
30,31,1,1,587.983,0,0
30,32,0.997243,1,351.231,0,0
30,33,0.992734,0.961468,9.05,0,0
30,34,0.98837,0.950391,9.05,0,0
30,35,0.984157,0.932683,9.05,0,0
30,36,0.989202,0.904402,9.05,0,0
30,37,0.969188,0.867182,9.05,0,0
30,38,0.952001,0.839761,9.05,0,0
30,39,0.940773,0.804023,9.05,0,0
30,40,0.90379,0.75031,9.05,0,0
30,41,0.887203,0.717642,9.05,0,0
30,42,0.834857,0.677674,9.05,0,0
30,43,0.795087,0.640916,9.05,0,0
30,44,0.76748,0.602825,9.05,0,0
30,45,0.746285,0.565718,9.05,0,0
30,46,0.712315,0.526568,9.05,0,0
30,47,0.696243,0.503838,9.05,0,0
30,48,0.675736,0.464413,9.05,0,0
30,49,0.655609,0.439077,9.05,0,0
30,50,0.626811,0.417034,27.139,0,0
30,51,0.630812,0.420789,27.139,0,0
30,52,0.618993,0.440199,27.139,0,0
31,1,0.60199,0.403655,31.016,0,0
31,2,0.581938,0.38261,27.139,0,0
31,3,0.601658,0.417005,27.139,0,0
31,4,0.649406,0.510942,27.139,0,0
31,5,0.650565,0.522437,27.139,0,0
31,6,0.648538,0.505378,27.139,0,0
31,7,0.649814,0.535713,27.139,0,0
31,8,0.780312,0.627317,27.139,0,0
31,9,0.889551,0.657661,27.139,0,0
31,10,0.998406,0.739229,27.139,0,0
31,11,1,0.809163,27.139,0,0
31,12,0.991131,0.814319,27.139,0,0
31,13,1,0.834326,27.139,0,0
31,14,1,0.857485,27.139,0,0
31,15,1,0.963551,27.139,0,0
31,16,1,1,911.519,0,0
31,17,1,1,363.704,0,0
31,18,1,1,601.685,0,0
31,19,1,1,405.412,0,0
31,20,0.990466,1,53.9995,0,0
31,21,1,1,59.752,0,0
31,22,1,0.983461,27.139,0,0
31,23,0.983756,0.964606,9.05,0,0
31,24,0.953002,0.961816,9.05,0,0
31,25,0.928456,0.946008,9.05,0,0
31,26,0.944805,0.939247,9.05,0,0
31,27,1,0.983897,9.05,0,0
31,28,1,1,399.772,0,0
31,29,1,0.988092,9.05,0,0
31,30,1,1,919.098,0,0
31,31,1,1,677.402,0,0
31,32,1,1,322.042,0,0
31,33,0.99283,0.958961,9.05,0,0
31,34,1,0.925546,9.05,0,0
31,35,0.974676,0.880507,9.05,0,0
31,36,1,1,624.798,0,0
31,37,1,1,19.1371,0,0
31,38,0.995928,0.990132,9.05,0,0
31,39,0.993244,1,80.1312,0,0
31,40,0.99231,0.958161,9.05,0,0
31,41,0.999167,0.936475,9.05,0,0
31,42,0.990409,0.905365,9.05,0,0
31,43,0.984914,0.873591,9.05,0,0
31,44,0.962597,0.829951,9.05,0,0
31,45,0.996043,0.827683,9.05,0,0
31,46,1,0.815275,9.05,0,0
31,47,1,0.8114,9.05,0,0
31,48,1,0.804602,9.05,0,0
31,49,1,0.797754,9.05,0,0
31,50,1,0.791983,27.139,0,0
31,51,1,0.777063,27.139,0,0
31,52,1,0.772618,27.139,0,0
32,1,1,1,520.425,0,0
32,2,1,1,5241.9,0,0
32,3,1,1,1260.1,0,0
32,4,1,1,3038.18,0,0
32,5,1,1,1417.98,0,0
32,6,1,1,2423.6,0,0
32,7,1,1,2602.66,0,0
32,8,1,1,851.31,0,0
32,9,1,1,2719.76,0,0
32,10,1,1,504.198,0,0
32,11,1,1,60.9414,0,0
32,12,1,1,1292.61,0,0
32,13,1,1,483.958,0,0
32,14,0.991818,1,69.8649,0,0
32,15,1,1,2067.18,0,0
32,16,1,1,495.852,0,0
32,17,0.997675,0.971958,27.139,0,0
32,18,1,0.961123,27.139,0,0
32,19,1,1,279.346,0,0
32,20,1,1,176.123,0,0
32,21,0.987738,0.959876,27.139,0,0
32,22,0.949589,0.921437,27.139,0,0
32,23,0.93709,0.891326,9.05,0,0
32,24,0.945932,0.877922,9.05,0,0
32,25,0.954884,0.869849,9.05,0,0
32,26,1,0.9128,9.05,0,0
32,27,1,0.949912,9.05,0,0
32,28,1,0.973977,9.05,0,0
32,29,0.955849,0.925453,9.05,0,0
32,30,0.943844,0.902391,9.05,0,0
32,31,0.987703,0.894303,9.05,0,0
32,32,0.983587,0.879186,9.05,0,0
32,33,0.98025,0.874586,9.05,0,0
32,34,0.991566,0.858039,9.05,0,0
32,35,1,0.845202,9.05,0,0
32,36,0.999179,0.872878,9.05,0,0
32,37,0.998173,1,937.483,0,0
32,38,1,1,777.112,0,0
32,39,0.975656,0.98821,9.05,0,0
32,40,0.997391,1,411.932,0,0
32,41,1,1,906.568,0,0
32,42,1,1,755.628,0,0
32,43,1,1,564.976,0,0
32,44,1,1,367.408,0,0
32,45,1,1,5111.09,0,0
32,46,1,1,33321.7,0,0
32,47,1,1,12725.4,0,0
32,48,1,1,9208.87,0,0
32,49,1,1,9086.78,0,0
32,50,1,1,4852.84,0,0
32,51,1,1,11308.8,0,0
32,52,1,1,5460.73,0,0
33,1,1,1,3861.18,0,0
33,2,1,1,6413.09,0,0
33,3,1,1,9441.4,0,0
33,4,1,1,1365.73,0,0
33,5,1,1,4241.01,0,0
33,6,1,1,10348.8,0,0
33,7,1,1,1107.89,0,0
33,8,1,1,1656.25,0,0
33,9,1,1,442.855,0,0
33,10,1,1,4495.74,0,0
33,11,1,1,624.801,0,0
33,12,1,1,2474.98,0,0
33,13,1,1,838.832,0,0
33,14,1,1,2249.62,0,0
33,15,1,1,3192.33,0,0
33,16,1,1,3096.85,0,0
33,17,1,1,7897.86,0,0
33,18,1,1,1806.12,0,0
33,19,1,1,2997.62,0,0
33,20,1,1,256.699,0,0
33,21,1,1,265.391,0,0
33,22,0.975733,1,40.874,0,0
33,23,1,1,634.679,0,0
33,24,1,1,219.584,0,0
33,25,0.96397,1,32.5987,0,0
33,26,0.947322,0.99248,9.05,0,0
33,27,0.92649,1,206.775,0,0
33,28,1,0.9892,9.05,0,0
33,29,1,0.988509,9.05,0,0
33,30,1,1,274.795,0,0
33,31,1,0.955227,9.05,0,0
33,32,0.985863,0.928957,9.05,0,0
33,33,0.953729,0.873466,9.05,0,0
33,34,1,0.853109,9.05,0,0
33,35,1,0.815242,9.05,0,0
33,36,1,0.770043,9.05,0,0
33,37,0.972265,0.726255,9.05,0,0
33,38,0.952683,0.683092,9.05,0,0
33,39,0.917941,0.630017,9.05,0,0
33,40,0.910612,0.582965,9.05,0,0
33,41,0.908242,0.545081,9.05,0,0
33,42,0.894612,0.501468,9.05,0,0
33,43,0.91564,0.460474,9.05,0,0
33,44,0.917868,0.41592,9.05,0,0
33,45,0.894406,0.368565,9.05,0,0
33,46,0.88179,0.323797,9.05,0,0
33,47,0.876406,0.280197,9.05,0,0
33,48,0.854579,0.248762,9.05,0,0
33,49,0.83318,0.251696,9.05,0,0
33,50,0.841582,0.238962,27.139,0,0
33,51,0.835735,0.205954,27.139,0,0
33,52,0.881568,0.309607,27.139,0,0
34,1,1,0.457438,31.016,0,0
34,2,1,0.476023,27.139,0,0
34,3,1,0.461586,27.139,0,0
34,4,1,0.474929,27.139,0,0
34,5,1,0.474576,27.139,0,0
34,6,1,0.574899,27.139,0,0
34,7,1,0.721887,27.139,0,0
34,8,1,0.732611,27.139,0,0
34,9,1,0.747992,27.139,0,0
34,10,1,0.777381,27.139,0,0
34,11,1,0.880689,27.139,0,0
34,12,1,0.98121,27.139,0,0
34,13,0.988479,0.993722,27.139,0,0
34,14,1,1,422.83,0,0
34,15,1,1,811.884,0,0
34,16,1,1,307.747,0,0
34,17,1,1,280.662,0,0
34,18,1,1,411.451,0,0
34,19,1,1,482.022,0,0
34,20,0.999862,1,71.2318,0,0
34,21,1,1,66.2681,0,0
34,22,0.984123,1,328.922,0,0
34,23,0.988369,1,32.5498,0,0
34,24,0.988655,0.961638,9.05,0,0
34,25,0.956364,0.918226,9.05,0,0
34,26,0.932117,0.877149,9.05,0,0
34,27,0.87761,0.834863,9.05,0,0
34,28,0.852878,0.774702,9.05,0,0
34,29,0.834646,0.731676,9.05,0,0
34,30,0.781556,0.685406,9.05,0,0
34,31,0.724703,0.668526,9.05,0,0
34,32,0.692507,0.645554,9.05,0,0
34,33,0.654489,0.59535,9.05,0,0
34,34,0.639737,0.556593,9.05,0,0
34,35,0.605637,0.509267,9.05,0,0
34,36,0.579856,0.491077,9.05,0,0
34,37,0.614845,0.643704,9.05,0,0
34,38,0.635278,0.595435,9.05,0,0
34,39,0.656636,0.556959,9.05,0,0
34,40,0.742968,0.616621,9.05,0,0
34,41,0.706223,0.654568,9.05,0,0
34,42,0.693081,0.628556,9.05,0,0
34,43,0.703535,0.630036,9.05,0,0
34,44,0.688688,0.601294,9.05,0,0
34,45,0.665092,0.578522,9.05,0,0
34,46,0.634842,0.545982,9.05,0,0
34,47,0.640724,0.535072,9.05,0,0
34,48,0.639271,0.509517,9.05,0,0
34,49,0.672805,0.484838,9.05,0,0
34,50,0.732566,0.472274,27.139,0,0
34,51,1,0.544891,27.139,0,0
34,52,1,0.540723,27.139,0,0
35,1,1,0.548951,31.016,0,0
35,2,1,0.618237,27.139,0,0
35,3,1,0.611395,27.139,0,0
35,4,1,0.621277,27.139,0,0
35,5,0.995744,0.628489,27.139,0,0
35,6,1,0.663085,27.139,0,0
35,7,1,0.714675,27.139,0,0
35,8,1,0.787986,27.139,0,0
35,9,1,0.840865,27.139,0,0
35,10,1,0.913783,27.139,0,0
35,11,1,1,99.6096,0,0
35,12,1,1,318.353,0,0
35,13,1,1,1040.21,0,0
35,14,1,1,643.126,0,0
35,15,1,1,1199.29,0,0
35,16,1,1,174.731,0,0
35,17,0.988036,0.999611,27.139,0,0
35,18,1,1,791.647,0,0
35,19,0.995384,1,207.435,0,0
35,20,0.98733,0.995603,27.139,0,0
35,21,0.977381,0.9811,27.139,0,0
35,22,0.953377,0.963503,27.139,0,0
35,23,0.932881,0.928442,9.05,0,0
35,24,0.906843,0.923393,9.05,0,0
35,25,0.889307,0.947769,9.05,0,0
35,26,0.856991,0.924807,9.05,0,0
35,27,0.835795,0.939244,9.05,0,0
35,28,0.803039,0.901174,9.05,0,0
35,29,0.755129,0.86593,9.05,0,0
35,30,0.754538,0.897506,9.05,0,0
35,31,0.945813,1,212.572,0,0
35,32,0.951674,1,510.244,0,0
35,33,0.955454,1,656.096,0,0
35,34,0.979481,1,771.681,0,0
35,35,0.991069,1,963.561,0,0
35,36,0.993802,1,2415.53,0,0
35,37,0.959644,1,13.7984,0,0
35,38,0.922134,0.953292,9.05,0,0
35,39,0.888823,0.949505,9.05,0,0
35,40,0.846185,0.947963,9.05,0,0
35,41,0.804188,0.936769,9.05,0,0
35,42,0.768338,0.938012,9.05,0,0
35,43,0.72608,0.909501,9.05,0,0
35,44,0.701924,0.870562,9.05,0,0
35,45,0.662208,0.867494,9.05,0,0
35,46,0.635981,0.938857,9.05,0,0
35,47,0.628832,1,495.54,0,0
35,48,0.609154,0.996712,9.05,0,0
35,49,0.587004,0.996832,9.05,0,0
35,50,0.586426,1,605.835,0,0
35,51,0.580527,1,741.052,0,0
35,52,0.557632,1,59.9562,0,0
36,1,0.634725,1,1877.35,0,0
36,2,0.937817,1,5133.3,0,0
36,3,0.947291,1,1220.08,0,0
36,4,0.962114,1,354.496,0,0
36,5,0.96656,1,57.1689,0,0
36,6,0.973283,1,300.476,0,0
36,7,0.981778,1,630.68,0,0
36,8,0.99798,1,2785.8,0,0
36,9,1,1,1757.48,0,0
36,10,1,1,2252.48,0,0
36,11,1,1,5765.97,0,0
36,12,1,1,466.146,0,0
36,13,1,1,175.307,0,0
36,14,1,1,513.792,0,0
36,15,1,1,492.82,0,0
36,16,1,1,122.428,0,0
36,17,1,0.974415,27.139,0,0
36,18,0.976695,0.970786,27.139,0,0
36,19,0.970634,0.941851,27.139,0,0
36,20,0.938982,0.903023,27.139,0,0
36,21,0.941243,0.910039,27.139,0,0
36,22,0.912605,0.917611,27.139,0,0
36,23,0.947139,1,199.565,0,0
36,24,1,1,1197.04,0,0
36,25,1,1,268.87,0,0
36,26,1,1,1594.36,0,0
36,27,0.971983,1,142.371,0,0
36,28,0.997051,1,992.91,0,0
36,29,1,1,147.598,0,0
36,30,0.995642,1,1428.75,0,0
36,31,0.995222,1,4586.88,0,0
36,32,0.994972,0.996835,9.05,0,0
36,33,0.97991,1,206.811,0,0
36,34,0.973974,0.992707,9.05,0,0
36,35,0.940151,0.9647,9.05,0,0
36,36,0.922673,0.977782,9.05,0,0
36,37,0.890206,0.920237,9.05,0,0
36,38,0.865917,0.874881,9.05,0,0
36,39,0.883815,0.843149,9.05,0,0
36,40,0.865515,0.812526,9.05,0,0
36,41,0.995898,1,480.192,0,0
36,42,0.996235,0.983693,9.05,0,0
36,43,0.990643,0.939141,9.05,0,0
36,44,0.989068,1,111.1,0,0
36,45,0.985306,1,229.247,0,0
36,46,0.992196,1,1749.37,0,0
36,47,0.990803,0.989906,9.05,0,0
36,48,1,1,1390.4,0,0
36,49,1,1,5389.85,0,0
36,50,1,1,2163.86,0,0
36,51,1,1,3644.85,0,0
36,52,1,1,1593.07,0,0
37,1,1,1,1034.55,0,0
37,2,1,1,825.631,0,0
37,3,1,1,1147.28,0,0
37,4,1,1,948.302,0,0
37,5,1,1,1648.22,0,0
37,6,1,1,3948.15,0,0
37,7,1,1,1480.33,0,0
37,8,1,1,1884.73,0,0
37,9,1,1,3255.2,0,0
37,10,1,1,9175.18,0,0
37,11,1,1,545.053,0,0
37,12,1,1,684.51,0,0
37,13,1,1,364.594,0,0
37,14,1,1,520.209,0,0
37,15,1,1,2419.08,0,0
37,16,1,1,602.992,0,0
37,17,1,1,381.35,0,0
37,18,1,1,1463.09,0,0
37,19,1,1,1746.75,0,0
37,20,1,1,350.578,0,0
37,21,1,1,42.4763,0,0
37,22,0.993723,0.968156,27.139,0,0
37,23,1,1,360.167,0,0
37,24,0.983391,1,173.253,0,0
37,25,0.924613,0.953066,9.05,0,0
37,26,0.904981,0.926553,9.05,0,0
37,27,0.880104,0.918062,9.05,0,0
37,28,0.860894,0.896658,9.05,0,0
37,29,0.848351,1,199.211,0,0
37,30,0.812134,0.970749,9.05,0,0
37,31,0.775359,0.921778,9.05,0,0
37,32,0.753796,0.86646,9.05,0,0
37,33,0.735132,0.826684,9.05,0,0
37,34,0.715096,0.77643,9.05,0,0
37,35,0.69345,0.738466,9.05,0,0
37,36,0.671431,0.681784,9.05,0,0
37,37,0.623598,0.644638,9.05,0,0
37,38,0.583788,0.602891,9.05,0,0
37,39,0.547467,0.55728,9.05,0,0
37,40,0.524191,0.513794,9.05,0,0
37,41,0.502725,0.467379,9.05,0,0
37,42,0.527252,0.436856,9.05,0,0
37,43,0.558481,0.390251,9.05,0,0
37,44,0.584579,0.409681,9.05,0,0
37,45,0.96839,0.532706,9.05,0,0
37,46,0.975681,0.600936,9.05,0,0
37,47,0.990815,1,971.287,0,0
37,48,0.991387,1,39.3864,0,0
37,49,0.991775,0.991168,9.05,0,0
37,50,0.990026,0.96252,27.139,0,0
37,51,0.98794,0.929442,27.139,0,0
37,52,0.986387,0.935569,27.139,0,0
38,1,0.982457,1,882.571,0,0
38,2,0.982834,1,890.597,0,0
38,3,0.980968,1,309.896,0,0
38,4,0.979654,1,4678.53,0,0
38,5,0.977247,1,357.148,0,0
38,6,0.974004,1,1617.57,0,0
38,7,0.972242,1,1303.79,0,0
38,8,0.971958,1,2936.43,0,0
38,9,0.969359,1,326.838,0,0
38,10,0.971063,1,521.678,0,0
38,11,0.967954,1,816.122,0,0
38,12,0.965264,1,1131.87,0,0
38,13,0.965173,1,1232.75,0,0
38,14,0.963512,1,62.1909,0,0
38,15,0.961693,1,1319.63,0,0
38,16,0.960275,1,326.243,0,0
38,17,0.957697,1,1341.48,0,0
38,18,0.955684,1,1385.16,0,0
38,19,0.97561,1,790.297,0,0
38,20,1,1,543.705,0,0
38,21,1,1,366.473,0,0
38,22,0.971546,0.974075,27.139,0,0
38,23,0.998143,1,1536.44,0,0
38,24,1,1,20.4957,0,0
38,25,1,0.954201,9.05,0,0
38,26,1,0.897881,9.05,0,0
38,27,1,0.85103,9.05,0,0
38,28,0.969057,0.818084,9.05,0,0
38,29,0.930952,0.758654,9.05,0,0
38,30,1,0.759767,9.05,0,0
38,31,1,0.777639,9.05,0,0
38,32,1,0.850858,9.05,0,0
38,33,1,0.843197,9.05,0,0
38,34,1,0.893005,9.05,0,0
38,35,0.985082,0.9327,9.05,0,0
38,36,0.955776,1,28.4149,0,0
38,37,0.928398,0.985407,9.05,0,0
38,38,0.901373,0.966769,9.05,0,0
38,39,0.886662,0.970242,9.05,0,0
38,40,0.86687,0.941951,9.05,0,0
38,41,0.886283,1,279.964,0,0
38,42,0.876012,1,376.154,0,0
38,43,1,1,807.105,0,0
38,44,1,1,449.966,0,0
38,45,1,1,775.123,0,0
38,46,0.97334,1,203.486,0,0
38,47,0.953501,1,356.203,0,0
38,48,0.92949,0.989281,9.05,0,0
38,49,0.966249,1,1272.48,0,0
38,50,1,1,3451.6,0,0
38,51,1,1,3842.31,0,0
38,52,1,1,1927.88,0,0
39,1,1,1,2704.82,0,0
39,2,1,1,5097.1,0,0
39,3,1,1,14048.1,0,0
39,4,1,1,9363.04,0,0
39,5,1,1,3530.06,0,0
39,6,1,1,4391.73,0,0
39,7,1,1,1289.93,0,0
39,8,1,1,644.142,0,0
39,9,1,1,3562.32,0,0
39,10,1,1,251.685,0,0
39,11,1,1,126.119,0,0
39,12,1,1,833.951,0,0
39,13,1,1,1937.39,0,0
39,14,1,1,339.641,0,0
39,15,1,1,2471.15,0,0
39,16,1,1,1167.13,0,0
39,17,1,1,962.855,0,0
39,18,1,1,302.396,0,0
39,19,1,0.989792,27.139,0,0
39,20,1,0.981747,27.139,0,0
39,21,0.999907,0.948177,27.139,0,0
39,22,1,0.905971,27.139,0,0
39,23,0.976074,0.89926,9.05,0,0
39,24,0.937482,0.875912,9.05,0,0
39,25,0.927721,0.846909,9.05,0,0
39,26,0.886364,0.822862,9.05,0,0
39,27,0.85175,0.864688,9.05,0,0
39,28,0.809634,0.844044,9.05,0,0
39,29,0.778243,0.832338,9.05,0,0
39,30,0.799609,0.822989,9.05,0,0
39,31,0.769779,0.790287,9.05,0,0
39,32,0.76821,0.785142,9.05,0,0
39,33,0.802915,0.729713,9.05,0,0
39,34,0.821282,0.669622,9.05,0,0
39,35,0.801447,0.615262,9.05,0,0
39,36,0.762603,0.550675,9.05,0,0
39,37,0.768198,0.502787,9.05,0,0
39,38,0.745384,0.450127,9.05,0,0
39,39,0.699558,0.384707,9.05,0,0
39,40,0.658929,0.320446,9.05,0,0
39,41,0.61807,0.258906,9.05,0,0
39,42,0.576351,0.20748,9.05,0,0
39,43,0.554172,0.163188,9.05,0,0
39,44,0.517121,0.112673,9.05,0,0
39,45,0.486894,0.0603589,9.05,0,0
39,46,0.453639,0.0223506,9.05,0,0
39,47,0.428455,0,9.05,0,0
39,48,0.404274,0,9.05,0,0
39,49,0.382028,0,9.05,0,0
39,50,0.369237,0,27.139,0,0
39,51,0.350839,0.00265245,27.139,0,0
39,52,0.332355,0,27.139,0,0
40,1,0.319541,0.0581215,31.016,0,0
40,2,0.332511,0.0756497,27.139,0,0
40,3,0.326799,0.0489022,27.139,0,0
40,4,0.36381,0.111613,27.139,0,0
40,5,0.348589,0.0843849,27.139,0,0
40,6,0.411458,0.1552,27.139,0,0
40,7,0.699566,0.421917,27.139,0,0
40,8,1,0.834565,27.139,0,0
40,9,1,1,1558.85,0,0
40,10,1,1,1267.4,0,0
40,11,1,1,936.804,0,0
40,12,1,1,1406.36,0,0
40,13,1,1,1081.32,0,0
40,14,1,1,397.053,0,0
40,15,1,1,1832.68,0,0
40,16,1,1,1918.31,0,0
40,17,1,0.997987,27.139,0,0
40,18,0.995318,0.985808,27.139,0,0
40,19,1,1,1015.14,0,0
40,20,1,1,331.865,0,0
40,21,1,1,118.403,0,0
40,22,0.978742,1,180.047,0,0
40,23,0.966178,1,89.5704,0,0
40,24,0.986448,1,201.355,0,0
40,25,0.983477,1,464.491,0,0
40,26,0.969279,1,133.436,0,0
40,27,0.972697,1,371.396,0,0
40,28,0.930174,0.980617,9.05,0,0
40,29,0.963418,1,319.805,0,0
40,30,0.918122,1,104.524,0,0
40,31,0.926086,1,1457.93,0,0
40,32,0.956752,1,1021.39,0,0
40,33,0.967116,1,119.081,0,0
40,34,0.969277,1,76.7066,0,0
40,35,0.97371,1,409.973,0,0
40,36,0.976133,1,1335.75,0,0
40,37,0.926948,0.97216,9.05,0,0
40,38,0.902327,0.945133,9.05,0,0
40,39,0.967217,0.982695,9.05,0,0
40,40,0.954479,0.974775,9.05,0,0
40,41,0.954052,0.93477,9.05,0,0
40,42,0.963081,0.907373,9.05,0,0
40,43,0.968118,0.885499,9.05,0,0
40,44,0.958352,0.851347,9.05,0,0
40,45,0.969514,0.842875,9.05,0,0
40,46,0.98216,0.953066,9.05,0,0
40,47,0.984972,1,491.768,0,0
40,48,1,1,2310.89,0,0
40,49,1,1,723.172,0,0
40,50,1,1,1509.27,0,0
40,51,1,1,2163.6,0,0
40,52,1,1,2100.64,0,0
41,1,1,0.9687,34.893,0,0
41,2,0.976456,0.938144,27.139,0,0
41,3,1,1,280.741,0,0
41,4,1,1,269.011,0,0
41,5,1,0.994503,27.139,0,0
41,6,1,1,461.136,0,0
41,7,1,1,2250.4,0,0
41,8,1,1,2777.32,0,0
41,9,1,1,1265,0,0
41,10,1,1,1636.2,0,0
41,11,0.995182,1,674.56,0,0
41,12,0.993802,1,3302.03,0,0
41,13,0.993393,1,1629.34,0,0
41,14,0.99503,1,1842.23,0,0
41,15,0.995113,1,1073.24,0,0
41,16,0.997481,1,503.784,0,0
41,17,1,1,536.012,0,0
41,18,0.972182,0.949555,27.139,0,0
41,19,0.982917,0.994648,27.139,0,0
41,20,1,1,285.928,0,0
41,21,1,1,230.127,0,0
41,22,0.99275,0.997747,27.139,0,0
41,23,1,1,368.794,0,0
41,24,0.963876,0.945015,9.05,0,0
41,25,0.906746,0.908983,9.05,0,0
41,26,0.876465,0.858843,9.05,0,0
41,27,0.841801,0.829146,9.05,0,0
41,28,0.801228,0.7997,9.05,0,0
41,29,0.780747,0.76726,9.05,0,0
41,30,0.824731,0.858121,9.05,0,0
41,31,0.880415,0.868275,9.05,0,0
41,32,0.857008,0.90396,9.05,0,0
41,33,1,0.996374,9.05,0,0
41,34,0.981406,0.977855,9.05,0,0
41,35,0.957376,0.981224,9.05,0,0
41,36,0.926145,0.962142,9.05,0,0
41,37,0.889967,0.910272,9.05,0,0
41,38,0.853259,0.866685,9.05,0,0
41,39,0.816757,0.818364,9.05,0,0
41,40,0.778541,0.767187,9.05,0,0
41,41,0.733142,0.713564,9.05,0,0
41,42,0.691343,0.684548,9.05,0,0
41,43,0.655582,0.657893,9.05,0,0
41,44,0.619684,0.646679,9.05,0,0
41,45,0.596839,0.606914,9.05,0,0
41,46,0.562492,0.580605,9.05,0,0
41,47,0.534079,0.604843,9.05,0,0
41,48,0.534432,0.660635,9.05,0,0
41,49,0.511329,0.68627,9.05,0,0
41,50,0.502351,0.844965,27.139,0,0
41,51,0.480945,0.847124,27.139,306.125,0
41,52,0.454251,0.754214,27.139,772.998,0
42,1,0.557404,0.772879,31.016,0,0
42,2,0.558048,0.894951,27.139,0,0
42,3,0.609784,1,554.454,0,0
42,4,0.606311,0.98472,27.139,0,0
42,5,0.649636,1,249.382,0,0
42,6,0.892541,1,2961,0,0
42,7,0.896635,1,1086.83,0,0
42,8,0.899265,1,590.764,0,0
42,9,0.881913,0.988208,27.139,0,0
42,10,0.898806,1,1564.99,0,0
42,11,0.908999,1,1884.41,0,0
42,12,0.913446,0.981142,27.139,0,0
42,13,0.917594,1,709.998,0,0
42,14,0.919545,1,1189.75,0,0
42,15,0.919751,1,475.217,0,0
42,16,0.917486,1,1069.56,0,0
42,17,0.914918,1,1308.65,0,0
42,18,0.895183,0.996254,27.139,0,0
42,19,0.878968,0.987035,27.139,0,0
42,20,0.843644,0.934365,27.139,0,0
42,21,0.83329,0.90567,27.139,0,0
42,22,0.81781,0.908677,27.139,0,0
42,23,0.776475,0.865226,9.05,0,0
42,24,0.728059,0.864783,9.05,0,0
42,25,0.690041,0.839344,9.05,0,0
42,26,0.674685,0.808562,9.05,0,0
42,27,0.620638,0.775658,9.05,0,0
42,28,0.575633,0.813796,9.05,0,0
42,29,0.544481,0.770824,9.05,0,0
42,30,0.496072,0.71078,9.05,59.6566,0
42,31,0.435846,0.607825,9.05,1112.99,0
42,32,0.545822,0.21227,9.05,0,0
42,33,0.541262,0.16854,9.05,0,0
42,34,0.650092,0.164355,9.05,0,0
42,35,0.748751,0.229708,9.05,0,0
42,36,0.971777,0.428482,9.05,0,0
42,37,1,1,1668.35,0,0
42,38,1,1,621.733,0,0
42,39,1,1,373.457,0,0
42,40,0.999323,1,70.3095,0,0
42,41,0.977675,0.993672,9.05,0,0
42,42,0.98787,1,1020.18,0,0
42,43,0.943436,1,77.3639,0,0
42,44,0.910257,0.955768,9.05,0,0
42,45,0.88222,0.940565,9.05,0,0
42,46,0.85724,0.921525,9.05,0,0
42,47,0.841,0.891221,9.05,0,0
42,48,0.823725,0.94349,9.05,0,0
42,49,1,1,2565.44,0,0
42,50,1,1,606.883,0,0
42,51,1,1,1842.39,0,0
42,52,1,1,2204.49,0,0
43,1,1,1,1058,0,0
43,2,1,1,5743.86,0,0
43,3,1,1,8353.9,0,0
43,4,1,1,2791.29,0,0
43,5,1,1,1412.06,0,0
43,6,1,1,851.961,0,0
43,7,1,1,286.927,0,0
43,8,1,1,738.098,0,0
43,9,1,1,1762.37,0,0
43,10,1,1,422.068,0,0
43,11,1,0.979914,27.139,0,0
43,12,1,1,1764.57,0,0
43,13,1,1,499.077,0,0
43,14,1,1,2156.5,0,0
43,15,1,1,1426.92,0,0
43,16,1,1,923.362,0,0
43,17,1,1,625.094,0,0
43,18,0.973369,0.968667,27.139,0,0
43,19,0.971764,0.961573,27.139,0,0
43,20,0.950562,0.949949,27.139,0,0
43,21,0.924003,0.952579,27.139,0,0
43,22,0.904213,0.945455,27.139,0,0
43,23,0.851486,0.984114,9.05,0,0
43,24,0.800589,0.974405,9.05,0,0
43,25,0.764482,0.964593,9.05,0,0
43,26,0.732628,0.975932,9.05,0,0
43,27,0.673312,0.952858,9.05,0,0
43,28,0.660143,0.899506,9.05,0,0
43,29,0.654246,1,307.628,0,0
43,30,0.617725,0.983271,9.05,0,0
43,31,0.554644,0.933122,9.05,0,0
43,32,0.501683,0.880649,9.05,0,0
43,33,0.462885,0.839874,9.05,640.079,0
43,34,0.420205,0.544477,9.05,1386.53,0
43,35,0.413379,0,9.05,0,0
43,36,0.389193,0,9.05,0,0
43,37,0.371553,0,9.05,0,0
43,38,0.328862,0,9.05,0,0
43,39,0.307494,0,9.05,0,0
43,40,0.277901,0,9.05,0,0
43,41,0.240517,0,9.05,0,0
43,42,0.200309,0,9.05,0,0
43,43,0.172844,0,9.05,0,0
43,44,0.168647,0.00759129,9.05,0,0
43,45,0.142085,0,9.05,0,0
43,46,0.127922,0,9.05,0,0
43,47,0.133585,0,9.05,0,0
43,48,0.128447,0,9.05,0,0
43,49,0.103826,0,9.05,0,0
43,50,0.0888647,0,27.139,0,0
43,51,0.0841315,0,27.139,0,0
43,52,0.0976532,0,27.139,0,0
44,1,0.177331,0.0693453,31.016,0,0
44,2,0.248867,0.13982,27.139,0,0
44,3,0.435621,0.207751,27.139,0,0
44,4,0.813163,0.393336,27.139,0,0
44,5,0.864256,0.542277,27.139,0,0
44,6,0.865639,0.541184,27.139,0,0
44,7,0.867473,1,353.326,0,0
44,8,0.872486,1,3641.22,0,0
44,9,0.874734,1,948.843,0,0
44,10,0.878524,1,198.497,0,0
44,11,0.893796,1,5691.5,0,0
44,12,0.900541,1,5309.7,0,0
44,13,0.904694,1,2061.81,0,0
44,14,0.91524,1,1717.27,0,0
44,15,0.921837,1,1682.92,0,0
44,16,0.92584,1,624.478,0,0
44,17,0.926735,1,1687.44,0,0
44,18,0.929097,1,2787.77,0,0
44,19,0.934221,1,1790.1,0,0
44,20,0.941632,1,1697.24,0,0
44,21,0.94988,1,369.795,0,0
44,22,0.96336,1,189.038,0,0
44,23,0.947107,0.970646,9.05,0,0
44,24,0.901889,0.925405,9.05,0,0
44,25,0.880058,0.893413,9.05,0,0
44,26,0.844924,0.846775,9.05,0,0
44,27,0.795096,0.792127,9.05,0,0
44,28,0.73914,0.7339,9.05,0,0
44,29,0.720208,0.698062,9.05,0,0
44,30,0.760202,0.683037,9.05,0,0
44,31,0.721715,0.644892,9.05,0,0
44,32,0.736452,0.643326,9.05,0,0
44,33,0.712451,0.598279,9.05,0,0
44,34,0.694657,0.563342,9.05,0,0
44,35,0.746346,0.53087,9.05,0,0
44,36,0.821415,0.516128,9.05,0,0
44,37,0.858368,0.529192,9.05,0,0
44,38,0.880305,0.535406,9.05,0,0
44,39,0.872642,0.494813,9.05,0,0
44,40,1,0.441638,9.05,0,0
44,41,1,0.412317,9.05,0,0
44,42,1,0.364686,9.05,0,0
44,43,1,0.322751,9.05,0,0
44,44,1,0.279154,9.05,0,0
44,45,0.974317,0.234137,9.05,0,0
44,46,0.983389,0.22244,9.05,0,0
44,47,0.98323,0.184253,9.05,0,0
44,48,0.966954,0.151772,9.05,0,0
44,49,0.996221,0.134774,9.05,0,0
44,50,1,0.127286,27.139,0,0
44,51,1,0.129532,27.139,0,0
44,52,1,0.101983,27.139,0,0
45,1,1,0.0922362,34.893,0,0
45,2,1,0.0869451,27.139,0,0
45,3,1,0.0604146,27.139,0,0
45,4,0.999047,0.044329,27.139,0,0
45,5,1,0.118178,27.139,0,0
45,6,1,0.144354,27.139,0,0
45,7,1,0.20136,27.139,0,0
45,8,1,0.224817,27.139,0,0
45,9,1,0.237531,27.139,0,0
45,10,1,0.448621,27.139,0,0
45,11,1,0.501318,27.139,0,0
45,12,1,0.568373,27.139,0,0
45,13,1,0.797181,27.139,0,0
45,14,1,0.884094,27.139,0,0
45,15,1,1,182.055,0,0
45,16,1,1,1557.5,0,0
45,17,1,1,532.046,0,0
45,18,1,1,596.093,0,0
45,19,1,1,1309.04,0,0
45,20,1,1,622.486,0,0
45,21,1,1,861.986,0,0
45,22,1,1,235.896,0,0
45,23,0.996873,0.993026,9.05,0,0
45,24,1,1,44.7845,0,0
45,25,1,0.990983,9.05,0,0
45,26,0.987852,0.937741,9.05,0,0
45,27,0.937732,0.882588,9.05,0,0
45,28,0.891437,0.836464,9.05,0,0
45,29,0.859949,0.800852,9.05,0,0
45,30,0.843683,0.778747,9.05,0,0
45,31,0.832747,0.751493,9.05,0,0
45,32,0.871875,0.72184,9.05,0,0
45,33,0.819308,0.663113,9.05,0,0
45,34,0.798186,0.614526,9.05,0,0
45,35,0.90273,0.616002,9.05,0,0
45,36,0.963252,0.58282,9.05,0,0
45,37,0.950379,0.542773,9.05,0,0
45,38,0.965345,0.52265,9.05,0,0
45,39,0.961554,0.574796,9.05,0,0
45,40,0.938276,0.546278,9.05,0,0
45,41,0.90785,0.501352,9.05,0,0
45,42,0.880467,0.451286,9.05,0,0
45,43,0.873519,0.414003,9.05,0,0
45,44,0.954684,0.392261,9.05,0,0
45,45,0.929801,0.342464,9.05,0,0
45,46,0.941767,0.29553,9.05,0,0
45,47,0.915721,0.253331,9.05,0,0
45,48,0.913654,0.215882,9.05,0,0
45,49,0.887666,0.169569,9.05,0,0
45,50,0.933664,0.127219,27.139,0,0
45,51,0.976087,0.0850423,27.139,0,0
45,52,1,0.0466397,27.139,0,0
46,1,1,0.249103,31.016,0,0
46,2,1,0.267268,27.139,0,0
46,3,1,0.267711,27.139,0,0
46,4,1,0.296806,27.139,0,0
46,5,1,0.437104,27.139,0,0
46,6,1,0.553031,27.139,0,0
46,7,1,1,570.283,0,0
46,8,1,1,285.154,0,0
46,9,1,1,804.574,0,0
46,10,1,1,218.015,0,0
46,11,1,1,1440.37,0,0
46,12,1,1,140.444,0,0
46,13,1,1,49.7022,0,0
46,14,1,1,409.929,0,0
46,15,1,1,1428.32,0,0
46,16,1,1,375.534,0,0
46,17,1,0.971128,27.139,0,0
46,18,1,1,1008.04,0,0
46,19,0.997327,1,388.947,0,0
46,20,0.995027,1,333.79,0,0
46,21,1,1,84.5419,0,0
46,22,0.99805,1,990.628,0,0
46,23,0.987615,0.992515,9.05,0,0
46,24,0.945906,0.963288,9.05,0,0
46,25,0.915919,0.913166,9.05,0,0
46,26,0.867399,0.901464,9.05,0,0
46,27,0.811899,0.841806,9.05,0,0
46,28,0.771623,0.790588,9.05,0,0
46,29,0.73234,0.740789,9.05,0,0
46,30,0.6753,0.690676,9.05,0,0
46,31,0.615124,0.648956,9.05,0,0
46,32,0.578575,0.670174,9.05,0,0
46,33,0.574965,0.715489,9.05,0,0
46,34,0.550043,0.853562,9.05,0,0
46,35,0.527182,0.908835,9.05,0,0
46,36,0.496962,0.937506,9.05,44.0778,0
46,37,0.47047,0.896116,9.05,507.413,0
46,38,0.533041,0.663642,9.05,0,0
46,39,0.495755,0.627519,9.05,65.2011,0
46,40,0.439621,0.543781,9.05,1046.96,0
46,41,0.592412,0.280583,9.05,0,0
46,42,0.603597,0.242021,9.05,0,0
46,43,0.569875,0.196623,9.05,0,0
46,44,0.550257,0.148788,9.05,0,0
46,45,0.514206,0.0940049,9.05,0,0
46,46,0.49427,0.0522998,9.05,0,0
46,47,0.482867,0.0193057,9.05,0,0
46,48,0.519002,0.000641926,9.05,0,0
46,49,0.658131,0,9.05,0,0
46,50,0.645416,0,27.139,0,0
46,51,0.634216,0,27.139,0,0
46,52,0.60832,0,27.139,0,0
47,1,0.657687,0.0550969,31.016,0,0
47,2,0.776156,0.210131,27.139,0,0
47,3,0.882821,0.239567,27.139,0,0
47,4,0.883286,0.277557,27.139,0,0
47,5,0.88547,0.312671,27.139,0,0
47,6,0.884368,0.28847,27.139,0,0
47,7,0.883085,0.328059,27.139,0,0
47,8,0.882926,0.747859,27.139,0,0
47,9,0.882358,0.889563,27.139,0,0
47,10,0.881374,0.996351,27.139,0,0
47,11,0.880526,1,1421.64,0,0
47,12,0.879679,1,841.716,0,0
47,13,0.879403,1,1869.11,0,0
47,14,0.878624,1,933.278,0,0
47,15,0.877951,1,949.658,0,0
47,16,0.876604,1,1549.18,0,0
47,17,0.876456,1,1140.67,0,0
47,18,0.875793,1,76.9865,0,0
47,19,0.839452,1,248.515,0,0
47,20,0.809797,0.997172,27.139,0,0
47,21,0.807811,1,56.7723,0,0
47,22,0.896445,1,323.13,0,0
47,23,0.897137,0.991944,9.05,0,0
47,24,0.892175,0.967185,9.05,0,0
47,25,0.854782,0.948835,9.05,0,0
47,26,0.899073,1,447.972,0,0
47,27,0.845139,0.944278,9.05,0,0
47,28,0.787622,0.919081,9.05,0,0
47,29,0.755211,0.895903,9.05,0,0
47,30,0.730988,0.867631,9.05,0,0
47,31,0.70389,0.954355,9.05,0,0
47,32,0.683756,0.936164,9.05,0,0
47,33,0.649334,0.893838,9.05,0,0
47,34,0.604219,0.828789,9.05,0,0
47,35,0.563695,0.790335,9.05,0,0
47,36,0.523147,0.732934,9.05,0,0
47,37,0.483253,0.697712,9.05,283.845,0
47,38,0.414145,0.527206,9.05,1315.55,126.98
47,39,0.401167,0.00499785,9.05,0,0
47,40,0.348642,0.0299884,9.05,0,0
47,41,0.311198,0.00937524,9.05,0,0
47,42,0.282169,0,9.05,0,0
47,43,0.271221,0,9.05,0,0
47,44,0.234328,0,9.05,0,0
47,45,0.218675,0,9.05,0,0
47,46,0.242345,0,9.05,0,0
47,47,0.239249,0.0169738,9.05,0,0
47,48,0.566143,0.147758,9.05,0,0
47,49,0.805467,0.218096,9.05,0,0
47,50,0.984378,0.35516,27.139,0,0
47,51,1,0.479635,27.139,0,0
47,52,0.998748,0.558761,27.139,0,0
48,1,1,0.633935,31.016,0,0
48,2,1,0.830401,27.139,0,0
48,3,1,0.892267,27.139,0,0
48,4,1,1,3504.59,0,0
48,5,1,1,666.948,0,0
48,6,1,1,350.976,0,0
48,7,1,1,492.348,0,0
48,8,1,1,630.108,0,0
48,9,1,1,332.026,0,0
48,10,1,1,2241.13,0,0
48,11,0.995976,1,554.442,0,0
48,12,0.996213,1,2728.82,0,0
48,13,0.99889,1,5787.32,0,0
48,14,0.997199,1,1698.76,0,0
48,15,0.994215,1,2530.51,0,0
48,16,0.992577,1,264.811,0,0
48,17,0.993734,1,33.4845,0,0
48,18,0.987229,1,125.975,0,0
48,19,0.983998,0.999768,27.139,0,0
48,20,0.981055,1,115.284,0,0
48,21,0.960153,0.981852,27.139,0,0
48,22,0.971222,1,193.96,0,0
48,23,0.971962,1,1521.87,0,0
48,24,0.947008,1,89.2167,0,0
48,25,0.959594,1,1141.87,0,0
48,26,0.957923,0.996155,9.05,0,0
48,27,0.952537,1,389.446,0,0
48,28,0.947505,1,2237.03,0,0
48,29,0.941247,1,225.159,0,0
48,30,0.936622,1,1095.55,0,0
48,31,0.931888,1,1419.47,0,0
48,32,0.92864,1,489.497,0,0
48,33,0.925488,1,375.287,0,0
48,34,0.930983,1,898.55,0,0
48,35,0.949808,1,117.623,0,0
48,36,0.930486,1,121.819,0,0
48,37,0.942572,0.975424,9.05,0,0
48,38,0.94405,0.943862,9.05,0,0
48,39,0.936687,0.928042,9.05,0,0
48,40,0.949779,0.972008,9.05,0,0
48,41,0.946003,0.971626,9.05,0,0
48,42,0.925557,0.948003,9.05,0,0
48,43,0.904963,0.967219,9.05,0,0
48,44,0.891524,0.934321,9.05,0,0
48,45,0.931127,0.994282,9.05,0,0
48,46,0.936189,1,522.621,0,0
48,47,0.955207,1,1948.72,0,0
48,48,0.939334,1,369.443,0,0
48,49,0.925012,0.986124,9.05,0,0
48,50,0.944469,1,1136.87,0,0
48,51,0.94405,1,737.165,0,0
48,52,0.91643,0.98809,27.139,0,0
49,1,0.945811,1,659.985,0,0
49,2,0.999347,1,2063.62,0,0
49,3,1,1,1007.05,0,0
49,4,1,1,795.164,0,0
49,5,1,1,2127.2,0,0
49,6,1,1,1570.35,0,0
49,7,1,1,1718.89,0,0
49,8,1,1,403.961,0,0
49,9,1,1,746.098,0,0
49,10,1,0.992711,27.139,0,0
49,11,1,1,113.065,0,0
49,12,1,1,129.176,0,0
49,13,1,0.99846,27.139,0,0
49,14,1,0.982035,27.139,0,0
49,15,1,1,587.275,0,0
49,16,1,1,544.733,0,0
49,17,0.973405,0.981836,27.139,0,0
49,18,1,1,438.094,0,0
49,19,1,1,323.49,0,0
49,20,1,1,47.0065,0,0
49,21,1,1,77.4596,0,0
49,22,1,1,178.483,0,0
49,23,1,0.979274,9.05,0,0
49,24,0.991504,0.948063,9.05,0,0
49,25,0.962244,0.914863,9.05,0,0
49,26,0.91594,0.903951,9.05,0,0
49,27,0.902297,0.981315,9.05,0,0
49,28,0.864969,1,105.992,0,0
49,29,0.816799,0.941578,9.05,0,0
49,30,0.755187,0.875895,9.05,0,0
49,31,0.698527,0.815771,9.05,0,0
49,32,0.677862,0.763394,9.05,0,0
49,33,0.628727,0.717481,9.05,0,0
49,34,0.653254,0.661784,9.05,0,0
49,35,0.630349,0.600706,9.05,0,0
49,36,0.635632,0.648572,9.05,0,0
49,37,0.707562,0.735448,9.05,0,0
49,38,0.683531,0.708691,9.05,0,0
49,39,0.660622,0.736996,9.05,0,0
49,40,0.652806,0.679214,9.05,0,0
49,41,0.612005,0.631699,9.05,0,0
49,42,0.601057,0.761799,9.05,0,0
49,43,0.555871,0.81363,9.05,0,0
49,44,0.606094,1,550.328,0,0
49,45,0.746215,1,1744.13,0,0
49,46,0.715564,1,128.717,0,0
49,47,0.747796,1,1169.22,0,0
49,48,0.879968,1,2761.76,0,0
49,49,0.956196,1,5987.94,0,0
49,50,0.951686,1,7272.8,0,0
49,51,0.950082,1,16288.9,0,0
49,52,0.947259,1,4027.46,0,0
50,1,0.942698,1,4478.76,0,0
50,2,0.942037,1,752.253,0,0
50,3,0.940674,1,1586.05,0,0
50,4,0.938959,1,1195.58,0,0
50,5,0.935147,1,1652.94,0,0
50,6,0.933148,1,1651.21,0,0
50,7,0.929213,0.999421,27.139,0,0
50,8,0.927426,1,299.418,0,0
50,9,0.927072,1,650.434,0,0
50,10,0.934897,1,1590.17,0,0
50,11,0.938724,1,1088.57,0,0
50,12,0.945425,1,54.2127,0,0
50,13,0.94497,1,289.588,0,0
50,14,0.949967,1,1239.47,0,0
50,15,0.954844,1,780.839,0,0
50,16,0.929751,0.991158,27.139,0,0
50,17,0.948827,1,1459.24,0,0
50,18,0.91166,0.996187,27.139,0,0
50,19,0.970044,1,1296.3,0,0
50,20,0.943677,1,30.246,0,0
50,21,0.928516,1,65.937,0,0
50,22,0.937966,1,284.033,0,0
50,23,0.960724,1,109.618,0,0
50,24,0.995903,1,917.329,0,0
50,25,0.989807,1,816.121,0,0
50,26,0.980282,1,741.119,0,0
50,27,0.941552,0.984024,9.05,0,0
50,28,0.973264,0.923969,9.05,0,0
50,29,0.934288,0.857787,9.05,0,0
50,30,0.927515,0.798059,9.05,0,0
50,31,0.88069,0.743707,9.05,0,0
50,32,0.860423,0.707634,9.05,0,0
50,33,0.819846,0.656486,9.05,0,0
50,34,0.80879,0.62166,9.05,0,0
50,35,0.766762,0.567992,9.05,0,0
50,36,0.722951,0.532405,9.05,0,0
50,37,0.696336,0.484655,9.05,0,0
50,38,0.659753,0.417855,9.05,0,0
50,39,0.630109,0.357151,9.05,0,0
50,40,0.608672,0.299874,9.05,0,0
50,41,0.576867,0.258048,9.05,0,0
50,42,0.536778,0.211111,9.05,0,0
50,43,0.494176,0.187211,9.05,0,0
50,44,0.461063,0.145862,9.05,0,0
50,45,0.431675,0.0953654,9.05,0,0
50,46,0.422259,0.0562669,9.05,0,0
50,47,0.413882,0.00916694,9.05,0,0
50,48,0.38766,0,9.05,0,0
50,49,0.430016,0.0373053,9.05,0,0
50,50,0.475352,0.0493155,27.139,0,0
50,51,0.541001,0.0821138,27.139,0,0
50,52,0.5223,0.0805919,27.139,0,0
51,1,0.544076,0.0821414,31.016,0,0
51,2,0.645611,0.139318,27.139,0,0
51,3,0.773616,0.248407,27.139,0,0
51,4,0.813548,0.25118,27.139,0,0
51,5,0.817135,0.239506,27.139,0,0
51,6,0.882367,0.254055,27.139,0,0
51,7,0.907665,0.342862,27.139,0,0
51,8,0.910744,0.441727,27.139,0,0
51,9,0.918443,0.536817,27.139,0,0
51,10,0.931372,0.956561,27.139,0,0
51,11,0.945879,1,408.611,0,0
51,12,0.944239,1,363.925,0,0
51,13,0.943339,0.997743,27.139,0,0
51,14,0.949793,1,1091.34,0,0
51,15,0.953671,1,1696.32,0,0
51,16,0.953064,1,633.783,0,0
51,17,0.956208,1,322.789,0,0
51,18,0.963262,0.980982,27.139,0,0
51,19,0.935916,1,61.1403,0,0
51,20,0.92632,1,103.085,0,0
51,21,0.911848,1,50.9306,0,0
51,22,0.877897,0.951281,27.139,0,0
51,23,0.856419,0.917099,9.05,0,0
51,24,0.888911,0.880255,9.05,0,0
51,25,0.882043,0.84744,9.05,0,0
51,26,0.84876,0.799096,9.05,0,0
51,27,0.803673,0.749459,9.05,0,0
51,28,0.782686,0.692846,9.05,0,0
51,29,0.744823,0.624106,9.05,0,0
51,30,0.706536,0.56451,9.05,0,0
51,31,0.675473,0.499165,9.05,0,0
51,32,0.652176,0.438964,9.05,0,0
51,33,0.615347,0.360854,9.05,0,0
51,34,0.554177,0.299857,9.05,0,0
51,35,0.507729,0.222978,9.05,0,0
51,36,0.46648,0.2046,9.05,0,0
51,37,0.421391,0.162856,9.05,0,0
51,38,0.379281,0.115371,9.05,0,0
51,39,0.332092,0.051377,9.05,0,0
51,40,0.311509,0,9.05,0,0
51,41,0.299731,0,9.05,0,0
51,42,0.292144,0.0139366,9.05,0,0
51,43,0.250793,0,9.05,0,0
51,44,0.23627,0.0213895,9.05,0,0
51,45,0.229666,0.0466202,9.05,0,0
51,46,0.224029,0.0722311,9.05,0,0
51,47,0.29735,0.135053,9.05,0,0
51,48,0.305739,0.143089,9.05,0,0
51,49,0.332253,0.142328,9.05,0,0
51,50,0.351441,0.150295,27.139,0,0
51,51,0.356434,0.114012,27.139,0,0
51,52,0.377483,0.10089,27.139,0,0
