6,1,1,1,31.016,0,0,14700,6349
6,2,1,1,12236.9,0,0,14700,6349
6,3,1,1,5588.46,0,0,14700,6349
6,4,1,1,2737.03,0,0,14700,6349
6,5,0.998041,1,137.395,0,0,14700,6349
6,6,0.998793,1,2237.09,0,0,14700,6349
6,7,1,1,7240.29,0,0,14700,6349
6,8,1,1,6565.63,0,0,14700,6349
6,9,1,1,3846.07,0,0,14700,6349
6,10,1,1,819.101,0,0,14700,6349
6,11,1,1,1442.56,0,0,14700,6349
6,12,1,1,3209.24,0,0,14700,6349
6,13,1,1,2177.66,0,0,14700,6349
6,14,0.999565,1,577.694,0,0,14700,6349
6,15,1,1,3306.71,0,0,14700,6349
6,16,1,1,1728.3,0,0,14700,6349
6,17,1,1,3165.6,0,0,14700,6349
6,18,1,1,5886.27,0,0,14700,6349
6,19,1,1,4827.72,0,0,14700,6349
6,20,1,1,3075.79,0,0,14700,6349
6,21,1,1,341.63,0,0,14700,6349
6,22,1,1,38.112,0,0,14700,6349
6,23,0.980795,1,439.209,0,0,14364.1,6349
6,24,0.979864,1,654.178,0,0,14347.8,6349
6,25,1,1,1373.91,0,0,14700,6349
6,26,0.987396,1,225.352,0,0,14479.6,6349
6,27,0.980563,1,102.404,0,0,14360,6349
6,28,0.956023,1,97.9054,0,0,13930.9,6349
6,29,1,1,229.133,0,0,14700,6349
6,30,1,1,695.972,0,0,14700,6349
6,31,0.996065,0.992106,9.05,0,0,14631.2,6298.88
6,32,0.986959,0.973145,9.05,0,0,14471.9,6178.5
6,33,1,0.946491,9.05,0,0,14700,6009.27
6,34,1,0.938677,9.05,0,0,14700,5959.66
6,35,0.978565,0.905455,9.05,0,0,14325.1,5748.73
6,36,0.965301,0.88238,9.05,0,0,14093.1,5602.23
6,37,0.956813,0.848592,9.05,0,0,13944.7,5387.71
6,38,0.928731,0.819247,9.05,0,0,13497.4,5201.4
6,39,0.910425,0.788225,9.05,0,0,13199,5004.44
6,40,0.895707,0.756896,9.05,0,0,12875.9,4805.53
6,41,0.911068,0.747622,9.05,0,0,13144.6,4746.65
6,42,0.894012,0.755593,9.05,0,0,12846.3,4797.26
6,43,0.965015,0.750822,9.05,0,0,14088.1,4766.97
6,44,0.95273,0.838782,9.05,0,0,13873.3,5325.43
6,45,0.979764,0.905424,9.05,0,0,14346.1,5748.54
6,46,1,1,167.593,0,0,14700,6349
6,47,1,1,510.965,0,0,14700,6349
6,48,1,0.988218,9.05,0,0,14700,6274.2
6,49,1,0.984284,9.05,0,0,14700,6249.22
6,50,1,0.993841,27.139,0,0,14700,6309.89
6,51,1,1,108.59,0,0,14700,6349
6,52,1,1,952.08,0,0,14700,6349
7,1,1,1,807.032,0,0,14700,6349
7,2,1,1,1031.94,0,0,14700,6349
7,3,1,1,1370.34,0,0,14700,6349
7,4,1,1,787.221,0,0,14700,6349
7,5,1,1,914.246,0,0,14700,6349
7,6,1,1,417.139,0,0,14700,6349
7,7,1,1,3042.56,0,0,14700,6349
7,8,1,1,3341.88,0,0,14700,6349
7,9,1,1,1391.93,0,0,14700,6349
7,10,1,1,130.798,0,0,14700,6349
7,11,1,1,215.859,0,0,14700,6349
7,12,1,1,883.375,0,0,14700,6349
7,13,1,1,852.343,0,0,14700,6349
7,14,1,1,1391.43,0,0,14700,6349
7,15,1,1,710.296,0,0,14700,6349
7,16,1,1,123.345,0,0,14700,6349
7,17,0.99496,1,90.1598,0,0,14611.9,6349
7,18,1,1,791.751,0,0,14700,6349
7,19,1,1,546.862,0,0,14700,6349
7,20,1,1,944.516,0,0,14700,6349
7,21,1,1,613.106,0,0,14700,6349
7,22,1,1,848.667,0,0,14700,6349
7,23,1,1,280.061,0,0,14700,6349
7,24,0.971949,0.977422,9.05,0,0,14209.4,6205.65
7,25,0.980569,0.955117,9.05,0,0,14360.2,6064.04
7,26,0.954487,0.934986,9.05,0,0,13904,5936.22
7,27,0.932909,0.905391,9.05,0,0,13526.6,5748.33
7,28,0.931494,0.895865,9.05,0,0,13501.9,5687.85
7,29,0.953923,0.962471,9.05,0,0,13894.1,6110.73
7,30,0.972957,1,315.479,0,0,14227,6349
7,31,0.955218,0.992178,9.05,0,0,13949.2,6299.34
7,32,1,1,221.907,0,0,14700,6349
7,33,1,1,610.488,0,0,14700,6349
7,34,0.99938,1,879.911,0,0,14700,6349
7,35,1,1,775.385,0,0,14700,6349
7,36,0.997882,1,143.727,0,0,14700,6349
7,37,0.99671,0.984147,9.05,0,0,14700,6248.35
7,38,0.969696,0.956133,9.05,0,0,14288.2,6070.49
7,39,0.97368,0.920317,9.05,0,0,14421.4,5843.09
7,40,0.965118,0.889198,9.05,0,0,14321,5645.52
7,41,0.99067,0.906489,9.05,0,0,14700,5755.3
7,42,0.986572,0.909464,9.05,0,0,14679,5774.18
7,43,0.973501,0.901955,9.05,0,0,14498.8,5726.51
7,44,0.965081,0.89551,9.05,0,0,14344.6,5685.59
7,45,0.942964,0.906267,9.05,0,0,14034.1,5753.89
7,46,0.963822,0.955734,9.05,0,0,14362.3,6067.95
7,47,0.984588,1,1765.17,0,0,14700,6349
7,48,0.983182,1,617.066,0,0,14700,6349
7,49,0.987078,1,160.4,0,0,14700,6349
7,50,0.99246,1,588.877,0,0,14700,6349
7,51,1,1,629.15,0,0,14700,6349
7,52,1,1,387.052,0,0,14700,6349
8,1,1,1,764.529,0,0,14700,6349
8,2,1,1,817.298,0,0,14700,6349
8,3,1,1,776.746,0,0,14700,6349
8,4,1,1,852.063,0,0,14700,6349
8,5,1,1,3599.51,0,0,14700,6349
8,6,1,1,618.456,0,0,14700,6349
8,7,1,1,1295.04,0,0,14700,6349
8,8,1,1,1551.46,0,0,14700,6349
8,9,1,1,207.862,0,0,14700,6349
8,10,1,1,4403.32,0,0,14700,6349
8,11,1,1,2804.5,0,0,14700,6349
8,12,1,1,2514.21,0,0,14700,6349
8,13,1,1,2059.87,0,0,14700,6349
8,14,1,1,2847.08,0,0,14700,6349
8,15,1,1,2922.58,0,0,14700,6349
8,16,1,1,4686.25,0,0,14700,6349
8,17,1,1,1324.33,0,0,14700,6349
8,18,1,1,3173.44,0,0,14700,6349
8,19,1,1,464.451,0,0,14700,6349
8,20,1,1,1594.72,0,0,14700,6349
8,21,1,1,1217.69,0,0,14700,6349
8,22,1,1,981.062,0,0,14700,6349
8,23,1,1,1754.52,0,0,14700,6349
8,24,1,1,567.213,0,0,14700,6349
8,25,1,1,194.313,0,0,14700,6349
8,26,0.998452,1,22.1031,0,0,14700,6349
8,27,0.993257,1,30.1393,0,0,14700,6349
8,28,0.969778,0.968836,9.05,0,0,14322.9,6151.14
8,29,0.952057,0.923864,9.05,0,0,14013.5,5865.61
8,30,0.956492,0.89308,9.05,0,0,14000.1,5670.17
8,31,0.964353,0.8506,9.05,0,0,14111,5400.46
8,32,0.947451,0.820764,9.05,0,0,13883.3,5211.03
8,33,0.91669,0.779017,9.05,0,0,13419.3,4945.98
8,34,0.906519,0.740284,9.05,0,0,13201.5,4700.06
8,35,0.883396,0.712026,9.05,0,0,12822,4520.65
8,36,0.859181,0.67538,9.05,0,0,12369.9,4287.99
8,37,0.837041,0.627911,9.05,0,0,12045.5,3986.61
8,38,0.7983,0.587631,9.05,0,0,11410.7,3730.87
8,39,0.774769,0.546658,9.05,0,0,11081.8,3470.73
8,40,0.76025,0.495736,9.05,0,0,10879.4,3147.43
8,41,0.749577,0.492951,9.05,0,0,10689.3,3129.74
8,42,0.752613,0.463722,9.05,0,0,10435,2944.17
8,43,0.748071,0.437674,9.05,0,0,10293.9,2778.79
8,44,0.782723,0.491476,9.05,0,0,10899.9,3120.38
8,45,0.777202,0.47364,9.05,0,0,10917.3,3007.14
8,46,0.803343,0.439346,9.05,0,0,11328.3,2789.41
8,47,0.797672,0.406488,9.05,0,0,11258.4,2580.79
8,48,0.800391,0.373054,9.05,0,0,11221.5,2368.52
8,49,0.80349,0.416088,9.05,0,0,11263.1,2641.74
8,50,0.827974,0.525066,27.139,0,0,11691.3,3333.64
8,51,0.94937,0.785164,27.139,0,0,13814.5,4985
8,52,1,0.992158,27.139,0,0,14700,6299.21
9,1,1,1,38.7838,0,0,14700,6349
9,2,1,1,374.981,0,0,14700,6349
9,3,1,1,1481.79,0,0,14700,6349
9,4,1,1,1245.07,0,0,14700,6349
9,5,1,1,1686.24,0,0,14700,6349
9,6,1,1,385.867,0,0,14700,6349
9,7,1,1,402.168,0,0,14700,6349
9,8,1,1,230.591,0,0,14700,6349
9,9,1,1,2155.04,0,0,14700,6349
9,10,1,1,1376.11,0,0,14700,6349
9,11,1,1,600.874,0,0,14700,6349
9,12,1,1,498.531,0,0,14700,6349
9,13,1,1,3221.05,0,0,14700,6349
9,14,1,1,2308.16,0,0,14700,6349
9,15,1,1,1500.8,0,0,14700,6349
9,16,1,1,2916.84,0,0,14700,6349
9,17,1,1,1223.75,0,0,14700,6349
9,18,1,1,1555.7,0,0,14700,6349
9,19,1,1,1502.88,0,0,14700,6349
9,20,1,1,1619.69,0,0,14700,6349
9,21,1,1,833.144,0,0,14700,6349
9,22,1,1,640.381,0,0,14700,6349
9,23,1,1,20.1355,0,0,14700,6349
9,24,0.992543,1,12.2489,0,0,14571.4,6349
9,25,0.99369,1,70.0738,0,0,14700,6349
9,26,0.968666,1,248.805,0,0,14245.9,6349
9,27,0.959152,1,238.754,0,0,14074.9,6349
9,28,0.934576,1,98.2448,0,0,13728.6,6349
9,29,0.921173,1,243.033,0,0,13580.5,6349
9,30,0.981276,1,151.832,0,0,14700,6349
9,31,1,1,1459.36,0,0,14700,6349
9,32,1,1,225.402,0,0,14700,6349
9,33,0.997164,1,1220.91,0,0,14700,6349
9,34,1,1,1069.13,0,0,14700,6349
9,35,1,1,1800.09,0,0,14700,6349
9,36,0.980974,0.995036,9.05,0,0,14367.2,6317.48
9,37,1,1,2041.6,0,0,14700,6349
9,38,0.982023,1,245.184,0,0,14385.6,6349
9,39,1,1,6293.87,0,0,14700,6349
9,40,1,1,1173.22,0,0,14700,6349
9,41,1,1,1661.63,0,0,14700,6349
9,42,1,1,9214.54,0,0,14700,6349
9,43,1,1,9502.94,0,0,14700,6349
9,44,1,1,1524.64,0,0,14700,6349
9,45,1,1,2071.13,0,0,14700,6349
9,46,1,1,1552.28,0,0,14700,6349
9,47,1,1,793.952,0,0,14700,6349
9,48,0.997936,1,1413.17,0,0,14700,6349
9,49,1,1,2513.99,0,0,14700,6349
9,50,1,1,1889.03,0,0,14700,6349
9,51,1,1,2143.45,0,0,14700,6349
9,52,1,1,2067.96,0,0,14700,6349
10,1,1,1,903.369,0,0,14700,6349
10,2,1,1,2400.53,0,0,14700,6349
10,3,1,1,2959.68,0,0,14700,6349
10,4,1,1,1585.02,0,0,14700,6349
10,5,1,1,1880.44,0,0,14700,6349
10,6,1,1,2057.78,0,0,14700,6349
10,7,1,1,1309.69,0,0,14700,6349
10,8,1,1,1205.5,0,0,14700,6349
10,9,1,1,687.518,0,0,14700,6349
10,10,1,1,550.748,0,0,14700,6349
10,11,1,1,1020.14,0,0,14700,6349
10,12,1,1,1138.45,0,0,14700,6349
10,13,1,1,3564.06,0,0,14700,6349
10,14,1,1,495.798,0,0,14700,6349
10,15,1,1,308.281,0,0,14700,6349
10,16,1,1,416.8,0,0,14700,6349
10,17,1,1,569.494,0,0,14700,6349
10,18,1,1,1168.9,0,0,14700,6349
10,19,1,1,1287.73,0,0,14700,6349
10,20,0.996934,1,41.3294,0,0,14646.4,6349
10,21,1,0.97726,27.139,0,0,14700,6204.63
10,22,1,0.970594,27.139,0,0,14700,6162.3
10,23,0.987465,0.968796,9.05,0,0,14480.8,6150.88
10,24,0.969368,0.955528,9.05,0,0,14164.3,6066.65
10,25,0.951814,0.925768,9.05,0,0,13857.2,5877.7
10,26,0.919899,0.905915,9.05,0,0,13376.5,5751.65
10,27,0.926908,0.955279,9.05,0,0,13421.6,6065.07
10,28,0.900388,0.961145,9.05,0,0,12957.8,6102.31
10,29,0.871303,1,54.4767,0,0,12449.1,6349
10,30,0.919402,1,443.304,0,0,13290.4,6349
10,31,1,1,2534.08,0,0,14700,6349
10,32,1,1,473.153,0,0,14700,6349
10,33,1,1,20.4314,0,0,14700,6349
10,34,1,1,180.178,0,0,14700,6349
10,35,0.970355,0.975589,9.05,0,0,14216.7,6194.02
10,36,0.953446,1,212.348,0,0,14011.6,6349
10,37,0.978717,1,441.97,0,0,14413.1,6349
10,38,0.956412,0.991415,9.05,0,0,14054.8,6294.5
10,39,0.96849,1,706.987,0,0,14181.8,6349
10,40,1,1,1055.71,0,0,14700,6349
10,41,0.998901,1,658.566,0,0,14700,6349
10,42,0.970215,0.976844,9.05,0,0,14285.9,6201.98
10,43,0.94041,0.949092,9.05,0,0,13845.1,6025.79
10,44,0.924673,0.90705,9.05,0,0,13637,5758.86
10,45,0.928755,0.892864,9.05,0,0,13468.9,5668.79
10,46,0.902578,0.866337,9.05,0,0,13025.8,5500.38
10,47,0.884597,0.835477,9.05,0,0,12702.2,5304.44
10,48,0.869731,0.815978,9.05,0,0,12421.6,5180.64
10,49,0.867349,0.794541,9.05,0,0,12380,5044.54
10,50,0.848407,0.779214,27.139,0,0,12120.2,4947.23
10,51,0.841691,0.777221,27.139,0,0,12059.2,4934.58
10,52,0.836492,0.753987,27.139,0,0,12029.6,4787.06
11,1,0.816193,0.740292,31.016,0,0,11741.8,4700.11
11,2,0.861571,0.897032,27.139,0,0,12544.5,5695.26
11,3,0.86256,0.882313,27.139,0,0,12542.1,5601.81
11,4,0.879454,0.90582,27.139,0,0,12805.3,5751.05
11,5,0.996525,1,504.655,0,0,14700,6349
11,6,1,1,898.252,0,0,14700,6349
11,7,1,1,404.731,0,0,14700,6349
11,8,0.998714,1,57.0014,0,0,14700,6349
11,9,0.998278,1,404.048,0,0,14700,6349
11,10,0.998712,1,1060.37,0,0,14700,6349
11,11,1,1,597.007,0,0,14700,6349
11,12,1,1,233.321,0,0,14700,6349
11,13,1,1,2242.97,0,0,14700,6349
11,14,1,1,3361.81,0,0,14700,6349
11,15,1,1,5066.48,0,0,14700,6349
11,16,1,1,600.432,0,0,14700,6349
11,17,0.999965,0.997893,27.139,0,0,14700,6335.62
11,18,1,0.988095,27.139,0,0,14700,6273.42
11,19,1,1,430.937,0,0,14700,6349
11,20,0.999994,1,54.1189,0,0,14700,6349
11,21,1,1,933.287,0,0,14700,6349
11,22,1,0.994621,27.139,0,0,14700,6314.85
11,23,1,0.988514,9.05,0,0,14700,6276.08
11,24,1,1,915.752,0,0,14700,6349
11,25,1,1,262.93,0,0,14700,6349
11,26,0.997962,0.993758,9.05,0,0,14700,6309.37
11,27,0.9935,1,861.651,0,0,14700,6349
11,28,1,1,491.027,0,0,14700,6349
11,29,1,1,49.7322,0,0,14700,6349
11,30,0.962025,0.976826,9.05,0,0,14095.7,6201.87
11,31,0.935756,0.977102,9.05,0,0,13757,6203.62
11,32,0.908081,1,114.002,0,0,13372,6349
11,33,0.89349,1,321.021,0,0,13166.1,6349
11,34,0.875303,1,92.4353,0,0,12984.5,6349
11,35,0.84595,0.977863,9.05,0,0,12548.7,6208.45
11,36,0.825542,0.974255,9.05,0,0,12285.8,6185.54
11,37,0.96127,1,18416.7,0,0,14700,6349
11,38,0.955134,1,1928.04,0,0,14700,6349
11,39,0.954656,1,1255.49,0,0,14700,6349
11,40,0.951029,1,6797,0,0,14700,6349
11,41,0.956107,1,1188.17,0,0,14700,6349
11,42,0.959345,1,1438.91,0,0,14700,6349
11,43,0.936888,1,161.311,0,0,14316.3,6349
11,44,0.937842,1,32.4694,0,0,14319.7,6349
11,45,0.941493,1,59.0998,0,0,14418.3,6349
11,46,0.952996,1,424.364,0,0,14545,6349
11,47,0.978712,1,174.869,0,0,14700,6349
11,48,0.97921,1,803.571,0,0,14700,6349
11,49,0.978561,1,587.491,0,0,14700,6349
11,50,1,1,1207.35,0,0,14700,6349
11,51,1,1,2588.49,0,0,14700,6349
11,52,1,1,1582.33,0,0,14700,6349
12,1,1,1,195.209,0,0,14700,6349
12,2,1,1,866.141,0,0,14700,6349
12,3,1,1,2582.14,0,0,14700,6349
12,4,1,1,1356.49,0,0,14700,6349
12,5,1,1,5267.74,0,0,14700,6349
12,6,1,1,4094.05,0,0,14700,6349
12,7,1,1,1693.24,0,0,14700,6349
12,8,1,1,833.297,0,0,14700,6349
12,9,1,1,1074.89,0,0,14700,6349
12,10,1,1,7586.82,0,0,14700,6349
12,11,1,1,2072.75,0,0,14700,6349
12,12,1,1,3024.63,0,0,14700,6349
12,13,1,1,3581.41,0,0,14700,6349
12,14,1,1,1299.29,0,0,14700,6349
12,15,1,1,224.334,0,0,14700,6349
12,16,1,1,2627.06,0,0,14700,6349
12,17,1,1,534.719,0,0,14700,6349
12,18,1,1,3544.28,0,0,14700,6349
12,19,1,1,1051.06,0,0,14700,6349
12,20,0.997226,1,165.091,0,0,14700,6349
12,21,0.996428,1,399.677,0,0,14700,6349
12,22,1,1,2467.15,0,0,14700,6349
12,23,1,1,502.275,0,0,14700,6349
12,24,0.996197,1,465.049,0,0,14700,6349
12,25,0.995947,1,386.729,0,0,14700,6349
12,26,1,1,1638.36,0,0,14700,6349
12,27,0.996439,1,2510.05,0,0,14700,6349
12,28,1,1,1920.05,0,0,14700,6349
12,29,1,1,907.98,0,0,14700,6349
12,30,0.977021,1,362.289,0,0,14362.2,6349
12,31,0.984248,1,196.004,0,0,14477.8,6349
12,32,0.96948,0.999058,9.05,0,0,14166.2,6343.02
12,33,0.940688,1,11.4766,0,0,13724.7,6349
12,34,0.898133,1,456.579,0,0,13116.5,6349
12,35,0.883274,0.985293,9.05,0,0,12981.4,6255.63
12,36,0.858468,0.954907,9.05,0,0,12650.6,6062.71
12,37,0.84532,0.956999,9.05,0,0,12507.2,6075.99
12,38,0.825213,0.929017,9.05,0,0,12224,5898.33
12,39,0.844963,0.887953,9.05,0,0,12569.4,5637.61
12,40,0.897263,0.924384,9.05,0,0,13531.5,5868.91
12,41,0.909164,1,17.5319,0,0,13668.9,6349
12,42,1,1,798.512,0,0,14700,6349
12,43,1,1,60.8094,0,0,14700,6349
12,44,1,1,127.993,0,0,14700,6349
12,45,1,1,1990.41,0,0,14700,6349
12,46,0.998991,1,1914.42,0,0,14700,6349
12,47,0.997523,1,1722.16,0,0,14700,6349
12,48,0.995075,1,6626.17,0,0,14700,6349
12,49,0.992493,1,1428.53,0,0,14700,6349
12,50,0.997562,1,261.514,0,0,14700,6349
12,51,1,1,1213.58,0,0,14700,6349
12,52,1,1,2299.74,0,0,14700,6349
13,1,1,1,1153.83,0,0,14700,6349
13,2,1,1,2490.55,0,0,14700,6349
13,3,1,1,2590.75,0,0,14700,6349
13,4,1,1,2007.85,0,0,14700,6349
13,5,1,1,3891.3,0,0,14700,6349
13,6,1,1,4059.42,0,0,14700,6349
13,7,1,1,5350.41,0,0,14700,6349
13,8,1,1,3036.69,0,0,14700,6349
13,9,1,1,783.523,0,0,14700,6349
13,10,1,1,1017.17,0,0,14700,6349
13,11,1,1,1112.15,0,0,14700,6349
13,12,1,1,1192.61,0,0,14700,6349
13,13,1,1,1436.65,0,0,14700,6349
13,14,1,1,985.298,0,0,14700,6349
13,15,1,1,2127.75,0,0,14700,6349
13,16,1,1,686.763,0,0,14700,6349
13,17,1,1,854.081,0,0,14700,6349
13,18,1,1,4618.12,0,0,14700,6349
13,19,1,1,618.488,0,0,14700,6349
13,20,1,1,1182.2,0,0,14700,6349
13,21,0.994941,0.986884,27.139,0,0,14611.5,6265.73
13,22,0.971591,1,68.2491,0,0,14250.3,6349
13,23,0.968272,0.987237,9.05,0,0,14235.5,6267.97
13,24,0.936879,0.966089,9.05,0,0,13805.1,6133.7
13,25,0.903086,0.944372,9.05,0,0,13291.1,5995.81
13,26,0.861192,0.909678,9.05,0,0,12682.7,5775.55
13,27,0.850927,0.943468,9.05,0,0,12519.5,5990.08
13,28,0.848179,0.957496,9.05,0,0,12551.4,6079.14
13,29,0.841612,0.925386,9.05,0,0,12475.3,5875.28
13,30,0.819552,0.890625,9.05,0,0,12194,5654.58
13,31,0.790568,0.870401,9.05,0,0,11765.9,5526.18
13,32,0.768223,0.892149,9.05,0,0,11407.4,5664.25
13,33,0.755809,0.880739,9.05,0,0,11234.2,5591.81
13,34,0.742265,0.88434,9.05,0,0,10994.3,5614.67
13,35,0.742499,0.885997,9.05,0,0,10814.4,5625.19
13,36,0.744745,0.900039,9.05,0,0,10646,5714.35
13,37,0.760073,0.882784,9.05,0,0,10526.5,5604.8
13,38,0.739149,0.860015,9.05,0,0,10173.9,5460.24
13,39,0.724968,0.85708,9.05,0,0,9889.78,5441.6
13,40,0.712068,0.827223,9.05,0,0,9664.17,5252.04
13,41,0.702711,0.811689,9.05,0,0,9500.52,5153.41
13,42,0.671882,0.775563,9.05,0,0,9021.78,4924.05
13,43,0.647859,0.750908,9.05,0,0,8694.82,4767.51
13,44,0.614554,0.726015,9.05,0,0,8245.23,4609.47
13,45,0.597668,0.701631,9.05,0,0,7969.33,4454.66
13,46,0.589536,0.67204,9.05,0,0,7831.33,4266.78
13,47,0.586285,0.652033,9.05,0,0,7745.72,4139.75
13,48,0.5768,0.627262,9.05,0,0,7540.62,3982.49
13,49,0.570735,0.610598,9.05,0,0,7421.28,3876.69
13,50,0.551733,0.579342,27.139,0,0,7175.86,3678.24
13,51,0.530767,0.550583,27.139,0,0,6865.86,3495.65
13,52,0.53673,0.530027,27.139,0,0,6971.62,3365.14
14,1,0.549679,0.606311,31.016,0,0,7233.83,3849.47
14,2,0.61065,0.695276,27.139,0,0,8157.85,4414.31
14,3,0.735981,0.79776,27.139,0,0,10322.8,5064.98
14,4,0.753346,0.806264,27.139,0,0,10587.2,5118.97
14,5,0.799694,0.89986,27.139,0,0,11196.7,5713.21
14,6,0.839837,0.923196,27.139,0,0,11898.8,5861.37
14,7,0.85748,0.976355,27.139,0,0,12207.4,6198.88
14,8,0.990917,1,828.67,0,0,14541.1,6349
14,9,1,1,116.814,0,0,14700,6349
14,10,1,1,222.045,0,0,14700,6349
14,11,1,1,1205.25,0,0,14700,6349
14,12,1,1,260.495,0,0,14700,6349
14,13,1,1,122.03,0,0,14700,6349
14,14,1,1,102.089,0,0,14700,6349
14,15,0.993061,0.999534,27.139,0,0,14578.6,6346.04
14,16,0.978957,1,103.906,0,0,14332,6349
14,17,0.964365,0.990151,27.139,0,0,14076.8,6286.47
14,18,0.995634,1,945.098,0,0,14662.8,6349
14,19,0.98035,1,32.6168,0,0,14416.1,6349
14,20,0.962942,0.983799,27.139,0,0,14139,6246.14
14,21,0.964176,0.96865,27.139,0,0,14124.3,6149.96
14,22,0.950823,0.946227,27.139,0,0,13942.3,6007.6
14,23,0.937722,0.92406,9.05,0,0,13746.7,5866.86
14,24,0.929053,0.898744,9.05,0,0,13660.9,5706.12
14,25,0.927617,0.857833,9.05,0,0,13673.6,5446.38
14,26,0.929823,0.824692,9.05,0,0,13760.3,5235.97
14,27,0.97907,0.844336,9.05,0,0,14700,5360.69
14,28,0.980462,0.921874,9.05,0,0,14700,5852.98
14,29,0.973822,0.957447,9.05,0,0,14529.5,6078.83
14,30,0.938924,0.945371,9.05,0,0,14018.3,6002.16
14,31,0.937018,0.942797,9.05,0,0,13895.4,5985.82
14,32,0.922963,0.927607,9.05,0,0,13547,5889.38
14,33,0.924987,0.910606,9.05,0,0,13580.5,5781.44
14,34,0.949749,0.901569,9.05,0,0,13908.6,5724.06
14,35,0.934386,0.867317,9.05,0,0,13552.4,5506.59
14,36,0.910119,0.85648,9.05,0,0,13145.5,5437.79
14,37,0.892188,0.809904,9.05,0,0,12830.5,5142.08
14,38,0.866314,0.772208,9.05,0,0,12423.5,4902.75
14,39,0.856188,0.735656,9.05,0,0,12214.1,4670.68
14,40,0.853498,0.718563,9.05,0,0,12137.7,4562.16
14,41,0.833582,0.6973,9.05,0,0,11855.8,4427.16
14,42,0.824862,0.73021,9.05,0,0,11795.2,4636.1
14,43,0.797907,0.701779,9.05,0,0,11390.7,4455.6
14,44,0.781887,0.678981,9.05,0,0,11171.1,4310.85
14,45,0.765449,0.67676,9.05,0,0,10931.5,4296.75
14,46,0.744949,0.647848,9.05,0,0,10597.1,4113.19
14,47,0.745225,0.63182,9.05,0,0,10620.7,4011.43
14,48,0.762184,0.668475,9.05,0,0,10834.3,4244.15
14,49,0.759044,0.656396,9.05,0,0,10695,4167.46
14,50,0.74705,0.690132,27.139,0,0,10502.5,4381.65
14,51,0.75085,0.667066,27.139,0,0,10464.6,4235.2
14,52,0.740289,0.675377,27.139,0,0,10299,4287.97
15,1,0.864927,1,305.453,0,0,12378.7,6349
15,2,0.914422,1,512.648,0,0,13203.3,6349
15,3,0.928785,1,110.377,0,0,13454.5,6349
15,4,0.957149,1,327.589,0,0,13950.5,6349
15,5,1,1,924.269,0,0,14700,6349
15,6,1,1,220.705,0,0,14700,6349
15,7,1,1,988.603,0,0,14700,6349
15,8,1,1,904.865,0,0,14700,6349
15,9,1,1,416.314,0,0,14700,6349
15,10,1,1,863.745,0,0,14700,6349
15,11,1,1,2518.91,0,0,14700,6349
15,12,1,1,501.088,0,0,14700,6349
15,13,1,1,905.901,0,0,14700,6349
15,14,1,1,458.24,0,0,14700,6349
15,15,0.997122,1,218.056,0,0,14649.7,6349
15,16,1,1,283.956,0,0,14700,6349
15,17,1,1,1015.48,0,0,14700,6349
15,18,0.984524,1,199.053,0,0,14429.3,6349
15,19,0.965699,0.970454,27.139,0,0,14108.3,6161.41
15,20,0.947607,0.948034,27.139,0,0,13840.9,6019.07
15,21,0.930428,0.919538,27.139,0,0,13491.4,5838.15
15,22,0.963067,1,119.53,0,0,14054.1,6349
15,23,0.977436,1,21.5754,0,0,14305.4,6349
15,24,0.959307,1,236.291,0,0,14068.5,6349
15,25,0.965332,1,408.112,0,0,14169.8,6349
15,26,0.973134,1,296.987,0,0,14230.1,6349
15,27,0.950518,0.977248,9.05,0,0,13920.8,6204.55
15,28,0.939794,1,21.5053,0,0,13827.9,6349
15,29,0.992486,1,1553.19,0,0,14700,6349
15,30,0.955924,0.979259,9.05,0,0,14106.1,6217.31
15,31,0.924,0.971779,9.05,0,0,13603.4,6169.83
15,32,0.949223,1,112.301,0,0,13879.5,6349
15,33,0.921363,0.986919,9.05,0,0,13367.5,6265.95
15,34,0.904063,0.973309,9.05,0,0,13145.2,6179.54
15,35,0.895626,0.979469,9.05,0,0,12941.9,6218.65
15,36,0.855119,0.942776,9.05,0,0,12373.1,5985.69
15,37,0.964509,0.97671,9.05,0,0,14364.5,6201.13
15,38,0.945581,0.954819,9.05,0,0,14139.6,6062.14
15,39,0.973263,0.933023,9.05,0,0,14700,5923.76
15,40,0.968038,0.93198,9.05,0,0,14700,5917.14
15,41,0.948649,0.9113,9.05,0,0,14509.6,5785.85
15,42,0.930241,0.876241,9.05,0,0,14255.5,5563.25
15,43,0.895176,0.845665,9.05,0,0,13739.1,5369.13
15,44,0.877493,0.807641,9.05,0,0,13453.9,5127.71
15,45,0.8735,0.774227,9.05,0,0,13399.7,4915.56
15,46,0.952879,0.762491,9.05,0,0,14597,4841.06
15,47,0.964837,0.811036,9.05,0,0,14700,5149.27
15,48,0.967511,0.801941,9.05,0,0,14700,5091.52
15,49,0.973054,0.8051,9.05,0,0,14700,5111.58
15,50,0.949597,0.769887,27.139,0,0,14372.9,4888.01
15,51,0.963485,0.741089,27.139,0,0,14700,4705.17
15,52,0.951603,0.715263,27.139,0,0,14531.4,4541.21
16,1,0.958841,0.886256,31.016,0,0,14700,5626.84
16,2,0.952986,0.888981,27.139,0,0,14650.6,5644.14
16,3,0.953219,0.932045,27.139,0,0,14700,5917.56
16,4,0.952736,1,1633.46,0,0,14700,6349
16,5,0.94982,1,8725.96,0,0,14700,6349
16,6,0.947948,1,504.317,0,0,14700,6349
16,7,0.945973,1,889.317,0,0,14700,6349
16,8,0.947004,1,5048.34,0,0,14700,6349
16,9,0.943316,1,562.766,0,0,14700,6349
16,10,0.942689,1,291.419,0,0,14700,6349
16,11,0.939644,1,593.36,0,0,14700,6349
16,12,0.936476,1,504.627,0,0,14700,6349
16,13,0.933014,1,2181.39,0,0,14700,6349
16,14,0.930282,1,1410.9,0,0,14700,6349
16,15,0.928017,1,730.701,0,0,14700,6349
16,16,0.924581,1,509.721,0,0,14700,6349
16,17,0.922421,1,507.725,0,0,14700,6349
16,18,0.893543,0.985813,27.139,0,0,14254.5,6258.93
16,19,0.866078,0.965055,27.139,0,0,13733.9,6127.14
16,20,0.835939,0.947198,27.139,0,0,13220.1,6013.76
16,21,0.820802,0.942594,27.139,0,0,12804.6,5984.53
16,22,0.786952,0.939659,27.139,0,0,12256.5,5965.89
16,23,0.87673,1,335.673,0,0,13797.5,6349
16,24,0.887608,0.999347,9.05,0,0,14006.7,6344.86
16,25,0.866064,1,96.3619,0,0,13685,6349
16,26,0.877285,1,324.851,0,0,13304,6349
16,27,0.959208,0.983923,9.05,0,0,14700,6246.93
16,28,0.935431,0.998709,9.05,0,0,14263,6340.8
16,29,0.958936,1,268.962,0,0,14700,6349
16,30,0.955159,1,26.0931,0,0,14700,6349
16,31,0.960589,1,327.168,0,0,14700,6349
16,32,0.964615,0.980114,9.05,0,0,14700,6222.74
16,33,0.961462,1,27.9912,0,0,14700,6349
16,34,0.974875,0.99912,9.05,0,0,14700,6343.42
16,35,0.943771,1,106.682,0,0,14166.8,6349
16,36,0.943693,0.989048,9.05,0,0,14022.1,6279.47
16,37,0.991056,1,1832.02,0,0,14560.4,6349
16,38,1,1,2800.71,0,0,14700,6349
16,39,1,1,6617.54,0,0,14700,6349
16,40,0.969364,0.99539,9.05,0,0,14274.8,6319.73
16,41,0.964928,0.954581,9.05,0,0,14217.5,6060.63
16,42,0.948348,0.954677,9.05,0,0,14029.7,6061.25
16,43,0.922347,0.932553,9.05,0,0,13635,5920.78
16,44,0.897587,0.919308,9.05,0,0,13289.9,5836.69
16,45,0.880493,0.884811,9.05,0,0,13027,5617.67
16,46,0.885176,0.855689,9.05,0,0,13051.9,5432.77
16,47,0.86655,0.847223,9.05,0,0,12568.1,5379.02
16,48,0.853005,0.82509,9.05,0,0,12349.5,5238.49
16,49,0.838663,0.843606,9.05,0,0,12103.2,5356.06
16,50,0.851623,1,363.06,0,0,12293.5,6349
16,51,0.853639,1,463.283,0,0,12340,6349
16,52,0.852662,1,197.754,0,0,12370.4,6349
17,1,0.845107,0.984225,34.893,0,0,12268.8,6248.84
17,2,0.937136,1,296.732,0,0,13896.2,6349
17,3,0.981319,1,2971.94,0,0,14700,6349
17,4,0.980779,1,1454.94,0,0,14700,6349
17,5,0.980415,1,1025.63,0,0,14700,6349
17,6,0.978733,1,473.811,0,0,14700,6349
17,7,0.980349,1,2821.28,0,0,14700,6349
17,8,0.980291,1,3521.84,0,0,14700,6349
17,9,0.979598,1,3752.66,0,0,14700,6349
17,10,0.983126,1,2241.58,0,0,14700,6349
17,11,0.981705,1,1926.09,0,0,14700,6349
17,12,0.982244,1,1130.27,0,0,14700,6349
17,13,0.981093,1,2308.37,0,0,14700,6349
17,14,0.980297,1,4594.6,0,0,14700,6349
17,15,0.97863,1,1849.98,0,0,14700,6349
17,16,0.981655,1,1136.13,0,0,14700,6349
17,17,0.978922,1,728.936,0,0,14700,6349
17,18,0.981078,1,242.467,0,0,14700,6349
17,19,0.992727,1,2225.56,0,0,14700,6349
17,20,0.993646,1,1073.54,0,0,14700,6349
17,21,0.994554,1,802.916,0,0,14700,6349
17,22,1,1,1222.14,0,0,14700,6349
17,23,1,1,892.169,0,0,14700,6349
17,24,1,1,1023.67,0,0,14700,6349
17,25,0.989431,1,805.588,0,0,14700,6349
17,26,0.983972,1,1310.92,0,0,14700,6349
17,27,0.985436,1,537.932,0,0,14700,6349
17,28,0.981881,1,212.934,0,0,14700,6349
17,29,0.96729,0.982157,9.05,0,0,14506.7,6235.71
17,30,0.947301,0.966838,9.05,0,0,14261.7,6138.45
17,31,0.971053,1,162.015,0,0,14700,6349
17,32,0.950385,1,65.5671,0,0,14374.9,6349
17,33,0.999937,1,408.738,0,0,14700,6349
17,34,0.996458,1,295.44,0,0,14700,6349
17,35,0.967489,0.986924,9.05,0,0,14271.6,6265.98
17,36,0.955238,0.994295,9.05,0,0,14134.1,6312.78
17,37,0.932497,0.971755,9.05,0,0,13798.8,6169.67
17,38,0.892804,0.922967,9.05,0,0,13239.5,5859.92
17,39,0.872099,0.879751,9.05,0,0,12965.4,5585.54
17,40,0.85442,0.846034,9.05,0,0,12733.9,5371.47
17,41,0.816391,0.811247,9.05,0,0,12159.6,5150.61
17,42,0.791882,0.794252,9.05,0,0,11832.6,5042.71
17,43,0.7835,0.770932,9.05,0,0,11705.2,4894.65
17,44,0.783948,0.754978,9.05,0,0,11746.3,4793.35
17,45,0.803583,0.73612,9.05,0,0,12008.8,4673.62
17,46,0.883683,0.737364,9.05,0,0,12665.7,4681.52
17,47,0.892927,0.726956,9.05,0,0,12827.3,4615.44
17,48,0.918452,0.742426,9.05,0,0,13273.8,4713.66
17,49,1,0.737143,9.05,0,0,14700,4680.12
17,50,1,0.72122,27.139,0,0,14700,4579.02
17,51,1,0.749284,27.139,0,0,14700,4757.2
17,52,1,0.76794,27.139,0,0,14700,4875.65
18,1,1,0.810954,31.016,0,0,14700,5148.75
18,2,1,0.934347,27.139,0,0,14700,5932.17
18,3,1,1,637.504,0,0,14700,6349
18,4,1,1,1918.98,0,0,14700,6349
18,5,1,1,2446.07,0,0,14700,6349
18,6,1,1,752.542,0,0,14700,6349
18,7,1,1,2397.59,0,0,14700,6349
18,8,1,1,849.36,0,0,14700,6349
18,9,1,1,1373.66,0,0,14700,6349
18,10,1,1,1355.35,0,0,14700,6349
18,11,1,1,2842.77,0,0,14700,6349
18,12,1,1,6149.69,0,0,14700,6349
18,13,1,1,2090.66,0,0,14700,6349
18,14,1,1,1151.89,0,0,14700,6349
18,15,1,1,1207.3,0,0,14700,6349
18,16,1,1,1456.54,0,0,14700,6349
18,17,1,1,538.51,0,0,14700,6349
18,18,1,1,403.119,0,0,14700,6349
18,19,1,1,58.0448,0,0,14700,6349
18,20,1,0.98661,27.139,0,0,14700,6263.99
18,21,1,1,897.603,0,0,14700,6349
18,22,1,1,486.685,0,0,14700,6349
18,23,0.971286,1,74.52,0,0,14197.8,6349
18,24,0.956127,1,26.2656,0,0,13932.7,6349
18,25,0.949352,1,446.166,0,0,13922,6349
18,26,0.95139,1,274.04,0,0,13966.6,6349
18,27,0.949548,0.967827,9.05,0,0,13922.4,6144.73
18,28,0.954336,0.954788,9.05,0,0,13981.6,6061.95
18,29,0.988072,1,27.4445,0,0,14556.5,6349
18,30,0.964322,1,226.622,0,0,14197.4,6349
18,31,0.938474,1,86.4873,0,0,13623.9,6349
18,32,1,1,248.059,0,0,14700,6349
18,33,1,1,265.571,0,0,14700,6349
18,34,1,0.987855,9.05,0,0,14700,6271.89
18,35,1,0.967269,9.05,0,0,14700,6141.19
18,36,1,0.97949,9.05,0,0,14700,6218.78
18,37,1,0.965653,9.05,0,0,14700,6130.93
18,38,1,1,92.5202,0,0,14700,6349
18,39,1,0.989637,9.05,0,0,14700,6283.21
18,40,1,1,553.958,0,0,14700,6349
18,41,1,1,1588.64,0,0,14700,6349
18,42,1,1,1599.35,0,0,14700,6349
18,43,1,1,5458.28,0,0,14700,6349
18,44,1,1,753.363,0,0,14700,6349
18,45,1,1,571.085,0,0,14700,6349
18,46,1,1,2616.1,0,0,14700,6349
18,47,1,1,3771.8,0,0,14700,6349
18,48,1,1,43021.8,0,0,14700,6349
18,49,1,1,23282.9,0,0,14700,6349
18,50,1,1,15865.4,0,0,14700,6349
18,51,1,1,24313.9,0,0,14700,6349
18,52,1,1,7205.69,0,0,14700,6349
19,1,1,1,2051.3,0,0,14700,6349
19,2,1,1,621.574,0,0,14700,6349
19,3,1,1,5853.85,0,0,14700,6349
19,4,1,1,6595.33,0,0,14700,6349
19,5,1,1,3043.02,0,0,14700,6349
19,6,1,1,6276.15,0,0,14700,6349
19,7,1,1,3592.67,0,0,14700,6349
19,8,1,1,882.824,0,0,14700,6349
19,9,1,1,1179.6,0,0,14700,6349
19,10,1,1,2762.74,0,0,14700,6349
19,11,1,1,2654.34,0,0,14700,6349
19,12,1,1,1964.66,0,0,14700,6349
19,13,1,1,1284.92,0,0,14700,6349
19,14,1,1,723.431,0,0,14700,6349
19,15,1,1,1457.66,0,0,14700,6349
19,16,1,1,415.154,0,0,14700,6349
19,17,1,1,445.645,0,0,14700,6349
19,18,1,1,148.426,0,0,14700,6349
19,19,1,1,314.056,0,0,14700,6349
19,20,1,1,301.976,0,0,14700,6349
19,21,1,0.996876,27.139,0,0,14700,6329.16
19,22,0.99824,0.957797,27.139,0,0,14700,6081.05
19,23,0.997431,0.951076,9.05,0,0,14700,6038.38
19,24,0.99869,0.969884,9.05,0,0,14700,6157.79
19,25,0.997486,1,205.997,0,0,14700,6349
19,26,0.997187,1,650.596,0,0,14700,6349
19,27,1,1,1074.52,0,0,14700,6349
19,28,1,1,3136.73,0,0,14700,6349
19,29,1,0.964338,9.05,0,0,14700,6122.58
19,30,0.971033,0.929803,9.05,0,0,14193.4,5903.32
19,31,1,0.928037,9.05,0,0,14700,5892.11
19,32,1,0.908486,9.05,0,0,14700,5767.98
19,33,0.99508,0.888084,9.05,0,0,14700,5638.44
19,34,0.9838,0.860468,9.05,0,0,14546.4,5463.11
19,35,1,0.831033,9.05,0,0,14700,5276.23
19,36,0.987151,0.825808,9.05,0,0,14475.3,5243.06
19,37,0.984247,0.802477,9.05,0,0,14424.5,5094.92
19,38,0.961352,0.768179,9.05,0,0,14024.3,4877.17
19,39,0.933644,0.724454,9.05,0,0,13641.8,4599.56
19,40,0.89348,0.679348,9.05,0,0,12963.3,4313.18
19,41,0.859658,0.636354,9.05,0,0,12482.5,4040.21
19,42,0.860347,0.625315,9.05,0,0,12455.6,3970.13
19,43,0.86671,0.614626,9.05,0,0,12441.7,3902.26
19,44,0.857463,0.591436,9.05,0,0,12207.7,3755.03
19,45,0.829942,0.566699,9.05,0,0,11757.9,3597.97
19,46,0.859313,0.607024,9.05,0,0,12239.4,3853.99
19,47,0.852065,0.614726,9.05,0,0,12112.7,3902.9
19,48,0.852073,0.748078,9.05,0,0,12112.8,4749.55
19,49,0.846489,0.729753,9.05,0,0,12017,4633.2
19,50,0.849434,0.768402,27.139,0,0,12066.7,4878.58
19,51,0.879587,1,664.135,0,0,12594,6349
19,52,0.934131,1,1436.61,0,0,13548,6349
20,1,1,1,6144.98,0,0,14700,6349
20,2,0.998676,1,491.094,0,0,14700,6349
20,3,1,1,2222,0,0,14700,6349
20,4,1,1,4641.11,0,0,14700,6349
20,5,1,1,6618.93,0,0,14700,6349
20,6,0.999405,1,542.251,0,0,14700,6349
20,7,1,1,1009.26,0,0,14700,6349
20,8,1,1,2279.91,0,0,14700,6349
20,9,1,1,565.682,0,0,14700,6349
20,10,0.996883,1,159.003,0,0,14700,6349
20,11,0.998934,1,536.431,0,0,14700,6349
20,12,0.997875,1,1042.25,0,0,14700,6349
20,13,1,1,936.82,0,0,14700,6349
20,14,0.99879,1,244.339,0,0,14700,6349
20,15,0.999798,1,478.181,0,0,14700,6349
20,16,0.99274,1,146.398,0,0,14573,6349
20,17,1,1,158.443,0,0,14700,6349
20,18,1,1,54.6429,0,0,14700,6349
20,19,0.973446,0.998052,27.139,0,0,14266.3,6336.63
20,20,0.98398,1,115.736,0,0,14419.8,6349
20,21,0.966295,1,109.47,0,0,14110.5,6349
20,22,0.940769,1,113.3,0,0,13664.1,6349
20,23,0.952263,1,100.102,0,0,13865.1,6349
20,24,0.918821,0.967755,9.05,0,0,13280.2,6144.28
20,25,0.892562,0.96975,9.05,0,0,12821,6156.94
20,26,0.852272,0.936969,9.05,0,0,12174.6,5948.81
20,27,0.829655,0.938374,9.05,0,0,11720.7,5957.73
20,28,0.811104,0.894083,9.05,0,0,11430.3,5676.53
20,29,0.787438,0.866728,9.05,0,0,11090,5502.86
20,30,0.758001,0.82808,9.05,0,0,10659.1,5257.48
20,31,0.718428,0.804887,9.05,0,0,10075,5110.23
20,32,0.699301,0.753082,9.05,0,0,9798.81,4781.32
20,33,0.663245,0.696544,9.05,0,0,9235.06,4422.36
20,34,0.632234,0.663548,9.05,0,0,8778.05,4212.87
20,35,0.623363,0.625042,9.05,0,0,8610.83,3968.39
20,36,0.593575,0.632152,9.05,0,0,8213.48,4013.54
20,37,0.580251,0.635631,9.05,0,0,7996.37,4035.62
20,38,0.567734,0.616094,9.05,0,0,7683.53,3911.58
20,39,0.540637,0.575866,9.05,0,0,7241.23,3656.18
20,40,0.517028,0.55276,9.05,0,0,6925.54,3509.48
20,41,0.51076,0.524643,9.05,0,0,6733.97,3330.96
20,42,0.503361,0.569702,9.05,0,0,6609.14,3617.04
20,43,0.482653,0.597741,9.05,0,0,6303.9,3795.06
20,44,0.466325,0.589233,9.05,0,0,6093.57,3741.04
20,45,0.476138,0.656638,9.05,0,0,6108.67,4168.99
20,46,0.491612,0.756361,9.05,0,0,5963.13,4802.14
20,47,0.489096,0.836108,9.05,0,0,5764.46,5308.45
20,48,0.484121,0.969576,9.05,0,0,5677.46,6155.84
20,49,0.484272,1,139.422,0,0,5680.1,6349
20,50,0.532004,1,1390.61,0,0,6514.91,6349
20,51,0.535968,1,427.154,0,0,6584.24,6349
20,52,0.553549,1,331.601,0,0,6891.72,6349
21,1,0.566753,1,143.49,0,0,7122.66,6349
21,2,0.825828,1,1301.92,0,0,11653.8,6349
21,3,1,1,5691.78,0,0,14700,6349
21,4,1,1,851.04,0,0,14700,6349
21,5,1,1,1456.78,0,0,14700,6349
21,6,1,1,1206.57,0,0,14700,6349
21,7,1,1,4836.43,0,0,14700,6349
21,8,1,1,3009.87,0,0,14700,6349
21,9,1,1,2847.1,0,0,14700,6349
21,10,1,1,1036.45,0,0,14700,6349
21,11,1,1,1674.91,0,0,14700,6349
21,12,1,1,2565.01,0,0,14700,6349
21,13,1,1,2831.85,0,0,14700,6349
21,14,1,1,5662.68,0,0,14700,6349
21,15,1,1,2912.68,0,0,14700,6349
21,16,1,1,1264.74,0,0,14700,6349
21,17,1,1,420.697,0,0,14700,6349
21,18,1,1,633.199,0,0,14700,6349
21,19,1,1,822.62,0,0,14700,6349
21,20,1,1,2034.36,0,0,14700,6349
21,21,1,1,212.785,0,0,14700,6349
21,22,1,1,216.767,0,0,14700,6349
21,23,0.987313,1,256.126,0,0,14478.1,6349
21,24,0.966675,1,59.2155,0,0,14117.2,6349
21,25,0.946912,0.975295,9.05,0,0,13771.5,6192.15
21,26,0.924528,0.957946,9.05,0,0,13448,6082
21,27,0.920298,1,199.018,0,0,13375,6349
21,28,0.900476,0.986662,9.05,0,0,13076.9,6264.32
21,29,0.894165,0.972828,9.05,0,0,13014.5,6176.49
21,30,0.859636,0.950295,9.05,0,0,12554.8,6033.42
21,31,0.841253,0.961996,9.05,0,0,12289.7,6107.71
21,32,0.822134,0.987278,9.05,0,0,11919.9,6268.23
21,33,0.793083,0.998762,9.05,0,0,11449.4,6341.14
21,34,0.773194,0.977806,9.05,0,0,10733.2,6208.09
21,35,0.757534,0.962053,9.05,0,0,10459.3,6108.08
21,36,0.736497,0.959708,9.05,0,0,10091.4,6093.19
21,37,0.708383,0.920616,9.05,0,0,9599.72,5844.99
21,38,0.675263,0.879925,9.05,0,0,9114.72,5586.64
21,39,0.650369,0.839484,9.05,0,0,8734.93,5329.89
21,40,0.62293,0.78843,9.05,0,0,8357.41,5005.74
21,41,0.626063,0.777044,9.05,0,0,8159.96,4933.45
21,42,0.604499,0.854876,9.05,0,0,7782.83,5427.61
21,43,0.590451,0.950886,9.05,0,0,7537.13,6037.18
21,44,0.596312,1,129.109,0,0,7639.64,6349
21,45,0.589823,1,196.095,0,0,7596.04,6349
21,46,0.618468,1,935.016,0,0,8027.14,6349
21,47,0.595376,0.990928,9.05,0,0,7623.27,6291.4
21,48,0.595132,1,434.119,0,0,7619,6349
21,49,0.622745,1,565.31,0,0,8101.94,6349
21,50,0.629935,1,549.932,0,0,8227.69,6349
21,51,0.719244,1,2125.01,0,0,9789.67,6349
21,52,0.732702,1,504.522,0,0,10025.1,6349
22,1,0.730601,1,169.771,0,0,9988.3,6349
22,2,0.718301,0.988832,27.139,0,0,9773.17,6278.09
22,3,0.737829,1,161.843,0,0,10114.7,6349
22,4,0.743719,1,127.645,0,0,10217.7,6349
22,5,0.793746,1,327.002,0,0,11092.7,6349
22,6,0.852166,1,538.2,0,0,12114.4,6349
22,7,0.966168,1,575.486,0,0,14108.3,6349
22,8,1,1,2410.54,0,0,14700,6349
22,9,1,1,1706.56,0,0,14700,6349
22,10,1,1,1459.22,0,0,14700,6349
22,11,1,1,4689.78,0,0,14700,6349
22,12,1,1,234.351,0,0,14700,6349
22,13,1,1,3556.16,0,0,14700,6349
22,14,1,1,741.3,0,0,14700,6349
22,15,1,1,537.754,0,0,14700,6349
22,16,1,1,999.683,0,0,14700,6349
22,17,1,1,1290.4,0,0,14700,6349
22,18,0.988192,1,158.221,0,0,14493.5,6349
22,19,1,1,613.871,0,0,14700,6349
22,20,0.996896,1,175.673,0,0,14700,6349
22,21,0.995896,1,110.448,0,0,14700,6349
22,22,0.992472,1,424.207,0,0,14700,6349
22,23,0.965549,1,13.0081,0,0,14283.8,6349
22,24,0.935052,0.992134,9.05,0,0,13785.4,6299.06
22,25,0.924396,1,240.482,0,0,13691.4,6349
22,26,0.923608,1,102.622,0,0,13714.5,6349
22,27,0.98092,1,1476.82,0,0,14700,6349
22,28,0.992265,1,933.952,0,0,14700,6349
22,29,0.996847,1,20.6104,0,0,14700,6349
22,30,0.968667,0.960072,9.05,0,0,14291.6,6095.5
22,31,0.939845,0.954554,9.05,0,0,13887.9,6060.47
22,32,0.90122,0.932191,9.05,0,0,13365.2,5918.48
22,33,0.863458,0.910136,9.05,0,0,12839.3,5778.46
22,34,0.838898,0.874405,9.05,0,0,12466.4,5551.6
22,35,0.817645,0.841627,9.05,0,0,12209.7,5343.49
22,36,0.792757,0.802576,9.05,0,0,11848.3,5095.56
22,37,0.751222,0.784124,9.05,0,0,11217.1,4978.4
22,38,0.717131,0.729389,9.05,0,0,10731.9,4630.89
22,39,0.676126,0.693099,9.05,0,0,10094.1,4400.48
22,40,0.656388,0.649079,9.05,0,0,9800.45,4121
22,41,0.620087,0.604107,9.05,0,0,9279.53,3835.48
22,42,0.586614,0.573051,9.05,0,0,8793.79,3638.3
22,43,0.549523,0.532369,9.05,0,0,8245.4,3380.01
22,44,0.530159,0.499276,9.05,0,0,7974.67,3169.9
22,45,0.508698,0.451343,9.05,0,0,7625.67,2865.57
22,46,0.494528,0.410777,9.05,0,0,7322.91,2608.03
22,47,0.476735,0.378048,9.05,0,0,6951.87,2400.23
22,48,0.475235,0.3523,9.05,0,0,6720.94,2236.75
22,49,0.464895,0.321244,9.05,0,0,6452.82,2039.58
22,50,0.458662,0.300884,27.139,0,0,6364.9,1910.31
22,51,0.447173,0.306686,27.139,0,0,6190.61,1947.15
22,52,0.434779,0.308881,27.139,0,0,6062.29,1961.09
23,1,0.425034,0.291482,31.016,0,0,5905.77,1850.62
23,2,0.437102,0.29185,27.139,0,0,6087.89,1852.95
23,3,0.496995,0.394775,27.139,0,0,7140.88,2506.42
23,4,0.612722,0.647042,27.139,0,0,9102.54,4108.07
23,5,0.689876,0.750281,27.139,0,0,10208.6,4763.54
23,6,0.708739,0.745287,27.139,0,0,10506,4731.83
23,7,0.86045,0.854327,27.139,0,0,13112,5424.13
23,8,0.952223,0.995552,27.139,0,0,14700,6320.76
23,9,0.952093,1,349.89,0,0,14700,6349
23,10,0.956193,1,244.497,0,0,14700,6349
23,11,0.9653,1,2154.15,0,0,14700,6349
23,12,0.976967,1,1001.54,0,0,14700,6349
23,13,0.98177,1,110.017,0,0,14700,6349
23,14,0.988971,1,126.971,0,0,14700,6349
23,15,0.972069,0.972615,27.139,0,0,14410.7,6175.14
23,16,0.947504,0.944767,27.139,0,0,14003.4,5998.33
23,17,0.920066,0.915618,27.139,0,0,13536.8,5813.26
23,18,0.984196,1,995.565,0,0,14690.8,6349
23,19,0.971655,1,31.3378,0,0,14460.1,6349
23,20,0.984318,1,31.7677,0,0,14700,6349
23,21,0.973058,0.975858,27.139,0,0,14501.1,6195.72
23,22,0.955317,0.965699,27.139,0,0,14140.3,6131.22
23,23,0.924378,0.928315,9.05,0,0,13681.2,5893.88
23,24,0.908205,0.896424,9.05,0,0,13471.9,5691.39
23,25,0.897734,0.883567,9.05,0,0,13340.2,5609.77
23,26,0.856317,0.86271,9.05,0,0,12751.2,5477.34
23,27,0.824078,0.838705,9.05,0,0,12328.6,5324.94
23,28,0.805945,0.796026,9.05,0,0,12073.5,5053.97
23,29,0.780039,0.747397,9.05,0,0,11664.5,4745.22
23,30,0.781335,0.720944,9.05,0,0,11759.4,4577.28
23,31,0.764967,0.682798,9.05,0,0,11466.1,4335.09
23,32,0.750551,0.63301,9.05,0,0,11226.3,4018.98
23,33,0.72168,0.595153,9.05,0,0,10814.1,3778.63
23,34,0.91275,0.577822,9.05,0,0,14197.8,3668.59
23,35,0.898302,0.54057,9.05,0,0,13922.2,3432.08
23,36,0.962585,0.617611,9.05,0,0,14700,3921.21
23,37,0.956404,0.567197,9.05,0,0,14098.3,3601.13
23,38,0.935735,0.523412,9.05,0,0,13696.2,3323.14
23,39,0.958784,0.509497,9.05,0,0,13979.1,3234.8
23,40,0.980331,0.488835,9.05,0,0,14356,3103.61
23,41,0.999422,0.457791,9.05,0,0,14689.9,2906.52
23,42,0.996408,0.466246,9.05,0,0,14637.2,2960.19
23,43,0.972658,0.432664,9.05,0,0,14236.4,2746.99
23,44,0.964309,0.426109,9.05,0,0,14080.2,2705.37
23,45,0.964548,0.445673,9.05,0,0,14079.9,2829.58
23,46,0.949403,0.436753,9.05,0,0,13815.1,2772.94
23,47,1,0.701405,9.05,0,0,14700,4453.22
23,48,1,0.77466,9.05,0,0,14700,4918.32
23,49,1,0.756309,9.05,0,0,14700,4801.81
23,50,0.980743,0.815095,27.139,0,0,14440.1,5175.04
23,51,0.967595,0.860899,27.139,0,0,14171.7,5465.85
23,52,0.970887,0.878912,27.139,0,0,14190.8,5580.21
24,1,1,1,4129.32,0,0,14700,6349
24,2,0.998817,1,1359.02,0,0,14700,6349
24,3,0.99818,1,1147.17,0,0,14700,6349
24,4,1,1,1377.9,0,0,14700,6349
24,5,1,1,1465.19,0,0,14700,6349
24,6,1,1,3121.02,0,0,14700,6349
24,7,1,1,1015.59,0,0,14700,6349
24,8,1,1,302.185,0,0,14700,6349
24,9,1,1,910.569,0,0,14700,6349
24,10,1,1,2793.04,0,0,14700,6349
24,11,1,1,1191.63,0,0,14700,6349
24,12,1,1,2702.28,0,0,14700,6349
24,13,1,1,2305.33,0,0,14700,6349
24,14,1,1,942.131,0,0,14700,6349
24,15,1,1,1037.04,0,0,14700,6349
24,16,0.994756,1,187.306,0,0,14608.3,6349
24,17,0.999891,1,893.502,0,0,14700,6349
24,18,0.986018,1,360.516,0,0,14487,6349
24,19,0.972603,1,154.543,0,0,14220.8,6349
24,20,0.948362,0.978396,27.139,0,0,13796.9,6211.84
24,21,0.950368,0.961925,27.139,0,0,13832,6107.26
24,22,0.933323,0.984395,27.139,0,0,13584,6249.93
24,23,0.895747,0.967962,9.05,0,0,12925.2,6145.59
24,24,0.863082,0.955033,9.05,0,0,12305.3,6063.51
24,25,0.82595,0.921923,9.05,0,0,11656,5853.29
24,26,0.815116,0.893834,9.05,0,0,11500.1,5674.95
24,27,0.783027,0.841945,9.05,0,0,10905.2,5345.51
24,28,0.757808,0.803658,9.05,0,0,10464.2,5102.42
24,29,0.733722,0.778086,9.05,0,0,10042.9,4940.07
24,30,0.710618,0.758179,9.05,0,0,9638.8,4813.68
24,31,0.683888,0.745132,9.05,0,0,9171.3,4730.84
24,32,0.713137,0.80622,9.05,0,0,9682.86,5118.69
24,33,0.686052,0.779785,9.05,0,0,9335.16,4950.85
24,34,0.670077,0.876764,9.05,0,0,9080.95,5566.57
24,35,0.648125,0.869944,9.05,0,0,8749.77,5523.28
24,36,0.645109,0.877223,9.05,0,0,8493.08,5569.49
24,37,0.627633,0.873642,9.05,0,0,8187.44,5546.75
24,38,0.621122,0.849324,9.05,0,0,8073.55,5392.36
24,39,0.612252,0.830697,9.05,0,0,7918.42,5274.1
24,40,0.597319,0.801014,9.05,0,0,7770.53,5085.64
24,41,0.579732,0.786866,9.05,0,0,7560.5,4995.81
24,42,0.545598,0.755585,9.05,0,0,7079.99,4797.21
24,43,0.523681,0.729486,9.05,0,0,6734.25,4631.51
24,44,0.500801,0.695896,9.05,0,0,6441.78,4418.24
24,45,0.469509,0.682027,9.05,0,0,6024.06,4330.19
24,46,0.444871,0.655181,9.05,0,0,5689.44,4159.74
24,47,0.427751,0.627457,9.05,0,0,5485.39,3983.72
24,48,0.419694,0.591662,9.05,0,0,5277.95,3756.46
24,49,0.412825,0.577192,9.05,0,0,5063.37,3664.59
24,50,0.390648,0.537707,27.139,0,0,4801.09,3413.9
24,51,0.380605,0.503549,27.139,0,0,4662.7,3197.03
24,52,0.368604,0.478177,27.139,0,0,4533.05,3035.95
25,1,0.426415,0.619373,34.893,0,0,5634.1,3932.4
25,2,0.41067,0.591439,27.139,0,0,5423.83,3755.05
25,3,0.397681,0.568969,27.139,0,0,5297.44,3612.38
25,4,0.417217,0.592445,27.139,0,0,5728.58,3761.43
25,5,0.435606,0.586578,27.139,0,0,6133.79,3724.19
25,6,0.419886,0.549447,27.139,0,0,5913.5,3488.44
25,7,0.404952,0.538738,27.139,0,0,5711.69,3420.45
25,8,0.492004,0.806505,27.139,0,0,7257.83,5120.5
25,9,0.515905,0.896467,27.139,0,0,7681.43,5691.67
25,10,0.522364,0.93087,27.139,0,0,7767.14,5910.09
25,11,0.539549,1,616.781,0,0,8091.33,6349
25,12,0.618369,1,197.482,0,0,9483.14,6349
25,13,0.920742,1,1306.73,0,0,14700,6349
25,14,0.924092,1,2818.55,0,0,14700,6349
25,15,0.926337,1,1040.12,0,0,14700,6349
25,16,0.926733,1,831.899,0,0,14700,6349
25,17,0.928202,1,1455.72,0,0,14700,6349
25,18,0.923544,1,51.568,0,0,14626,6349
25,19,0.90833,0.978092,27.139,0,0,14276.7,6209.91
25,20,0.897704,0.957354,27.139,0,0,14040.5,6078.24
25,21,0.898214,0.929209,27.139,0,0,14062.2,5899.55
25,22,0.884172,0.938016,27.139,0,0,13878.9,5955.46
25,23,0.929415,0.985712,9.05,0,0,14700,6258.29
25,24,0.893442,0.953142,9.05,0,0,14144.7,6051.5
25,25,0.855118,0.90702,9.05,0,0,13489.6,5758.67
25,26,0.834984,0.869993,9.05,0,0,13156.1,5523.59
25,27,0.813989,0.830437,9.05,0,0,12824.1,5272.45
25,28,0.783132,0.790942,9.05,0,0,12281.4,5021.69
25,29,0.743093,0.764101,9.05,0,0,11673.6,4851.28
25,30,0.915303,0.821002,9.05,0,0,14700,5212.54
25,31,0.913995,0.811496,9.05,0,0,14700,5152.19
25,32,0.900751,0.797473,9.05,0,0,14507.7,5063.16
25,33,0.889719,0.77066,9.05,0,0,14369.3,4892.92
25,34,0.855908,0.733581,9.05,0,0,13810.9,4657.51
25,35,0.819566,0.697014,9.05,0,0,13232.1,4425.34
25,36,0.794944,0.667475,9.05,0,0,12811.9,4237.8
25,37,0.759837,0.629154,9.05,0,0,12258.8,3994.5
25,38,0.72988,0.588427,9.05,0,0,11784.8,3735.92
25,39,0.702746,0.57414,9.05,0,0,11357.4,3645.22
25,40,0.714681,0.630499,9.05,0,0,11619.7,4003.04
25,41,0.68552,0.602949,9.05,0,0,11171.6,3828.13
25,42,0.683819,0.605692,9.05,0,0,11157.2,3845.54
25,43,0.673641,0.620752,9.05,0,0,10977.9,3941.15
25,44,0.659175,0.592103,9.05,0,0,10742.9,3759.26
25,45,0.635049,0.557286,9.05,0,0,10338.9,3538.21
25,46,0.610657,0.521478,9.05,0,0,9837.36,3310.86
25,47,0.592074,0.495205,9.05,0,0,9362.45,3144.06
25,48,0.586758,0.468754,9.05,0,0,9114.41,2976.12
25,49,0.574534,0.524425,9.05,0,0,8790.26,3329.58
25,50,0.645699,1,1283.97,0,0,9957.49,6349
25,51,0.664054,1,693.458,0,0,10231.4,6349
25,52,0.752946,1,1171.72,0,0,11722,6349
26,1,0.743191,0.968457,31.016,0,0,11433.4,6148.73
26,2,0.919685,1,406.707,0,0,14315,6349
26,3,0.951953,1,2422.84,0,0,14700,6349
26,4,0.972079,1,250.814,0,0,14700,6349
26,5,0.995743,1,944.604,0,0,14700,6349
26,6,1,1,970.108,0,0,14700,6349
26,7,1,1,1923.93,0,0,14700,6349
26,8,1,1,145.775,0,0,14700,6349
26,9,1,1,1138.76,0,0,14700,6349
26,10,1,1,1985.53,0,0,14700,6349
26,11,1,1,357.577,0,0,14700,6349
26,12,1,1,604.064,0,0,14700,6349
26,13,1,1,870.035,0,0,14700,6349
26,14,1,1,1155.83,0,0,14700,6349
26,15,1,1,377.946,0,0,14700,6349
26,16,0.992166,0.998154,27.139,0,0,14563,6337.28
26,17,0.965993,0.972563,27.139,0,0,14159.8,6174.8
26,18,0.992623,0.987913,27.139,0,0,14571,6272.26
26,19,0.998397,0.995105,27.139,0,0,14700,6317.92
26,20,0.99528,1,152.609,0,0,14700,6349
26,21,0.994563,1,183.751,0,0,14700,6349
26,22,0.994835,1,194.558,0,0,14700,6349
26,23,1,0.992582,9.05,0,0,14700,6301.9
26,24,0.99591,1,13.6584,0,0,14700,6349
26,25,0.999241,1,664.314,0,0,14700,6349
26,26,0.993887,1,352.718,0,0,14700,6349
26,27,0.968679,1,406.117,0,0,14344.6,6349
26,28,0.985708,0.987273,9.05,0,0,14700,6268.2
26,29,0.982874,0.964482,9.05,0,0,14700,6123.49
26,30,0.971235,0.918739,9.05,0,0,14593.2,5833.08
26,31,0.936724,0.870149,9.05,0,0,14104.1,5524.58
26,32,0.908661,0.82005,9.05,0,0,13714.1,5206.5
26,33,0.882141,0.772535,9.05,0,0,13343.5,4904.82
26,34,0.879272,0.741927,9.05,0,0,13354.7,4710.5
26,35,0.864175,0.706692,9.05,0,0,13201.9,4486.79
26,36,0.851399,0.703005,9.05,0,0,13048.3,4463.38
26,37,0.805852,0.651537,9.05,0,0,12393.8,4136.61
26,38,0.768526,0.592067,9.05,0,0,11845.9,3759.03
26,39,0.757127,0.558943,9.05,0,0,11721.8,3548.73
26,40,0.800446,0.54853,9.05,0,0,12543.9,3482.62
26,41,0.805195,0.50521,9.05,0,0,12661.4,3207.58
26,42,0.826688,0.525627,9.05,0,0,12873.8,3337.21
26,43,0.886678,0.519059,9.05,0,0,13435.7,3295.51
26,44,0.993005,0.560506,9.05,0,0,14595.2,3558.65
26,45,1,0.544548,9.05,0,0,14700,3457.34
26,46,1,0.537298,9.05,0,0,14700,3411.31
26,47,1,0.570666,9.05,0,0,14700,3623.16
26,48,1,0.596465,9.05,0,0,14700,3786.96
26,49,1,0.599352,9.05,0,0,14700,3805.29
26,50,1,0.624042,27.139,0,0,14700,3962.04
26,51,1,0.637653,27.139,0,0,14700,4048.46
26,52,1,0.685492,27.139,0,0,14700,4352.19
27,1,1,0.904818,31.016,0,0,14700,5744.69
27,2,1,0.91718,27.139,0,0,14700,5823.17
27,3,1,1,985.966,0,0,14700,6349
27,4,1,1,2043.01,0,0,14700,6349
27,5,1,1,462.473,0,0,14700,6349
27,6,1,1,271.679,0,0,14700,6349
27,7,1,1,39.9629,0,0,14700,6349
27,8,1,0.99799,27.139,0,0,14700,6336.24
27,9,1,1,1199.7,0,0,14700,6349
27,10,1,1,1948.26,0,0,14700,6349
27,11,1,1,1367.19,0,0,14700,6349
27,12,1,1,280.942,0,0,14700,6349
27,13,1,1,746.26,0,0,14700,6349
27,14,1,1,290.129,0,0,14700,6349
27,15,1,1,315.584,0,0,14700,6349
27,16,1,1,256.678,0,0,14700,6349
27,17,1,1,385.934,0,0,14700,6349
27,18,0.982255,1,78.3069,0,0,14389.6,6349
27,19,0.968082,0.978334,27.139,0,0,14141.8,6211.44
27,20,0.961534,0.980039,27.139,0,0,14027.2,6222.27
27,21,0.956696,0.963708,27.139,0,0,13964,6118.58
27,22,0.938493,0.930803,27.139,0,0,13735.2,5909.67
27,23,0.91365,0.954573,9.05,0,0,13383,6060.59
27,24,0.910322,0.972398,9.05,0,0,13384.7,6173.75
27,25,0.886916,0.935104,9.05,0,0,13126.5,5936.97
27,26,0.859012,0.912811,9.05,0,0,12760.5,5795.44
27,27,0.823692,0.887312,9.05,0,0,12277.6,5633.54
27,28,0.774856,0.934085,9.05,0,0,11577.5,5930.5
27,29,0.728511,0.895085,9.05,0,0,10900.7,5682.9
27,30,0.694108,0.849539,9.05,0,0,10361.4,5393.73
27,31,0.692354,0.84817,9.05,0,0,10345.1,5385.03
27,32,0.729636,0.800828,9.05,0,0,11116.4,5084.46
27,33,0.694834,0.759327,9.05,0,0,10581.6,4820.97
27,34,0.681045,0.705026,9.05,0,0,10429,4476.21
27,35,0.652547,0.661178,9.05,0,0,10007.9,4197.82
27,36,0.621013,0.616673,9.05,0,0,9527.95,3915.26
27,37,0.916711,1,3723.85,0,0,14700,6349
27,38,0.92338,1,70.5133,0,0,14700,6349
27,39,0.910546,0.980318,9.05,0,0,14476.6,6224.04
27,40,0.882432,0.938102,9.05,0,0,14041.2,5956.01
27,41,0.938719,0.907191,9.05,0,0,14700,5759.75
27,42,0.927378,0.902082,9.05,0,0,14410,5727.32
27,43,0.909686,0.874478,9.05,0,0,14031.3,5552.06
27,44,0.893322,0.854923,9.05,0,0,13568,5427.91
27,45,0.942078,0.937703,9.05,0,0,13687,5953.48
27,46,1,1,864.998,0,0,14700,6349
27,47,1,1,101.457,0,0,14700,6349
27,48,1,1,407.771,0,0,14700,6349
27,49,1,1,1830.58,0,0,14700,6349
27,50,0.980761,0.98806,27.139,0,0,14363.5,6273.2
27,51,1,1,679.437,0,0,14700,6349
27,52,1,1,690.028,0,0,14700,6349
28,1,1,1,1356.74,0,0,14700,6349
28,2,1,1,1735.96,0,0,14700,6349
28,3,1,1,978.118,0,0,14700,6349
28,4,1,1,1125.1,0,0,14700,6349
28,5,1,1,2935.59,0,0,14700,6349
28,6,1,1,606.395,0,0,14700,6349
28,7,1,1,2733.12,0,0,14700,6349
28,8,1,1,9764.11,0,0,14700,6349
28,9,1,1,4168.25,0,0,14700,6349
28,10,1,1,9987.28,0,0,14700,6349
28,11,1,1,560.871,0,0,14700,6349
28,12,1,1,3125.94,0,0,14700,6349
28,13,1,1,6886.76,0,0,14700,6349
28,14,1,1,7800.62,0,0,14700,6349
28,15,1,1,11340.7,0,0,14700,6349
28,16,1,1,5402.4,0,0,14700,6349
28,17,1,1,3268.74,0,0,14700,6349
28,18,1,1,4513.16,0,0,14700,6349
28,19,1,1,8543.99,0,0,14700,6349
28,20,1,1,3827.27,0,0,14700,6349
28,21,1,1,1280.06,0,0,14700,6349
28,22,0.996282,1,470.233,0,0,14700,6349
28,23,0.993459,1,398.087,0,0,14700,6349
28,24,0.980675,1,169.503,0,0,14522.6,6349
28,25,0.974437,1,105.471,0,0,14392.7,6349
28,26,0.9208,0.963484,9.05,0,0,13619.7,6117.16
28,27,0.89564,0.917408,9.05,0,0,13111.3,5824.62
28,28,0.86353,0.873916,9.05,0,0,12619.1,5548.49
28,29,0.811738,0.838826,9.05,0,0,11841.1,5325.7
28,30,0.793483,0.989159,9.05,0,0,11625.5,6280.17
28,31,0.802627,1,374.232,0,0,11851.2,6349
28,32,0.859073,1,2170.34,0,0,12895.7,6349
28,33,0.919653,1,1169.65,0,0,14017.1,6349
28,34,0.918126,1,1193.2,0,0,14097.9,6349
28,35,0.970688,1,4005.06,0,0,14700,6349
28,36,0.973452,1,2322.7,0,0,14700,6349
28,37,0.965491,1,161.314,0,0,14490.6,6349
28,38,0.981619,1,1866.82,0,0,14700,6349
28,39,0.958018,1,807.747,0,0,14306.7,6349
28,40,1,1,2517.45,0,0,14700,6349
28,41,1,1,1357.6,0,0,14700,6349
28,42,1,1,2775.63,0,0,14700,6349
28,43,1,1,2308.63,0,0,14700,6349
28,44,1,1,1772.48,0,0,14700,6349
28,45,0.990653,1,284.784,0,0,14536.5,6349
28,46,0.982501,0.982784,9.05,0,0,14393.9,6239.7
28,47,0.957519,0.967076,9.05,0,0,13957,6139.97
28,48,0.946606,0.970152,9.05,0,0,13785.6,6159.5
28,49,0.918575,0.963881,9.05,0,0,13341.1,6119.68
28,50,0.898654,0.976287,27.139,0,0,12987.7,6198.45
28,51,0.883674,0.971408,27.139,0,0,12692.9,6167.47
28,52,0.924333,0.984926,27.139,0,0,13376.6,6253.29
29,1,1,1,1163.9,0,0,14700,6349
29,2,1,1,4108,0,0,14700,6349
29,3,1,1,1381.57,0,0,14700,6349
29,4,1,0.978593,27.139,0,0,14700,6213.09
29,5,1,1,665.544,0,0,14700,6349
29,6,1,1,2653.82,0,0,14700,6349
29,7,1,1,1263.84,0,0,14700,6349
29,8,1,1,291.665,0,0,14700,6349
29,9,1,1,1662.82,0,0,14700,6349
29,10,1,1,8715.37,0,0,14700,6349
29,11,1,1,11702.3,0,0,14700,6349
29,12,1,1,3476.17,0,0,14700,6349
29,13,1,1,2151.1,0,0,14700,6349
29,14,1,1,4248,0,0,14700,6349
29,15,1,1,2368.51,0,0,14700,6349
29,16,1,1,2008.09,0,0,14700,6349
29,17,1,1,841.246,0,0,14700,6349
29,18,1,1,528.293,0,0,14700,6349
29,19,1,1,624.118,0,0,14700,6349
29,20,0.976463,1,145.063,0,0,14339.6,6349
29,21,1,1,115.486,0,0,14700,6349
29,22,1,1,1270.58,0,0,14700,6349
29,23,0.978862,0.992152,9.05,0,0,14333.1,6299.18
29,24,0.957431,1,235.091,0,0,14043.4,6349
29,25,0.995212,1,593.381,0,0,14700,6349
29,26,0.9928,1,1036.05,0,0,14700,6349
29,27,0.954944,1,107.255,0,0,14134.2,6349
29,28,0.981209,1,4397.54,0,0,14700,6349
29,29,0.976279,1,168.144,0,0,14700,6349
29,30,0.933222,0.985701,9.05,0,0,14087.3,6258.21
29,31,0.962333,1,1589.02,0,0,14700,6349
29,32,0.935726,1,141.32,0,0,14349.6,6349
29,33,0.920214,1,771.74,0,0,14193.3,6349
29,34,0.886056,1,332.59,0,0,13703.2,6349
29,35,0.92534,1,154.776,0,0,14468.4,6349
29,36,0.935221,0.962823,9.05,0,0,14700,6112.96
29,37,0.933414,0.961621,9.05,0,0,14700,6105.33
29,38,0.907282,0.918956,9.05,0,0,14303.6,5834.45
29,39,0.912556,0.869352,9.05,0,0,14438.5,5519.52
29,40,0.923846,0.89464,9.05,0,0,14700,5680.07
29,41,0.889312,0.85154,9.05,0,0,14158.6,5406.43
29,42,0.867299,0.823032,9.05,0,0,13804,5225.43
29,43,0.866476,0.80114,9.05,0,0,13412.4,5086.44
29,44,0.858594,0.766234,9.05,0,0,13164.1,4864.82
29,45,0.891694,0.871342,9.05,0,0,13289.7,5532.15
29,46,0.921678,0.855809,9.05,0,0,13330.2,5433.53
29,47,0.907355,0.824116,9.05,0,0,13079.7,5232.32
29,48,0.98326,0.879418,9.05,0,0,14407.2,5583.42
29,49,1,0.902793,9.05,0,0,14700,5731.83
29,50,0.98565,0.879716,27.139,0,0,14449,5585.32
29,51,1,1,820.757,0,0,14700,6349
29,52,1,1,652.305,0,0,14700,6349
30,1,1,1,1190.65,0,0,14700,6349
30,2,0.997864,1,5342.25,0,0,14700,6349
30,3,0.997173,1,485.047,0,0,14700,6349
30,4,1,1,1452.69,0,0,14700,6349
30,5,1,1,994.996,0,0,14700,6349
30,6,1,1,4221.1,0,0,14700,6349
30,7,1,1,3148.85,0,0,14700,6349
30,8,1,1,4704.37,0,0,14700,6349
30,9,1,1,1167.79,0,0,14700,6349
30,10,0.994394,1,2475.86,0,0,14700,6349
30,11,0.98847,1,646.724,0,0,14700,6349
30,12,0.983774,1,1695.27,0,0,14700,6349
30,13,0.983343,1,1967.8,0,0,14700,6349
30,14,0.979718,1,804.759,0,0,14700,6349
30,15,0.976182,1,1501.25,0,0,14700,6349
30,16,0.972926,1,790.435,0,0,14700,6349
30,17,0.969108,1,2531.83,0,0,14700,6349
30,18,0.968294,1,727.852,0,0,14700,6349
30,19,0.951546,0.989942,27.139,0,0,14449.2,6285.14
30,20,0.930239,0.951445,27.139,0,0,14105.3,6040.73
30,21,0.918955,0.927376,27.139,0,0,13937.1,5887.91
30,22,0.939389,0.940209,27.139,0,0,14336.2,5969.39
30,23,0.96547,1,1485.96,0,0,14700,6349
30,24,0.960182,1,339.405,0,0,14655.2,6349
30,25,0.929511,1,204.259,0,0,14164,6349
30,26,0.969585,1,687.118,0,0,14700,6349
30,27,1,1,516.273,0,0,14700,6349
30,28,1,1,609.2,0,0,14700,6349
30,29,1,1,203.072,0,0,14700,6349
30,30,1,1,852.261,0,0,14700,6349
30,31,1,1,587.983,0,0,14700,6349
30,32,0.997243,1,351.231,0,0,14700,6349
30,33,0.992734,0.961468,9.05,0,0,14694.6,6104.36
30,34,0.98837,0.950391,9.05,0,0,14700,6034.03
30,35,0.984157,0.932683,9.05,0,0,14700,5921.6
30,36,0.989202,0.904402,9.05,0,0,14700,5742.05
30,37,0.969188,0.867182,9.05,0,0,14338.3,5505.74
30,38,0.952001,0.839761,9.05,0,0,14135.8,5331.64
30,39,0.940773,0.804023,9.05,0,0,14049.4,5104.74
30,40,0.90379,0.75031,9.05,0,0,13507.8,4763.72
30,41,0.887203,0.717642,9.05,0,0,13262.2,4556.31
30,42,0.834857,0.677674,9.05,0,0,12509.7,4302.55
30,43,0.795087,0.640916,9.05,0,0,11915,4069.18
30,44,0.76748,0.602825,9.05,0,0,11509.4,3827.34
30,45,0.746285,0.565718,9.05,0,0,11201.7,3591.74
30,46,0.712315,0.526568,9.05,0,0,10656.4,3343.18
30,47,0.696243,0.503838,9.05,0,0,10390.4,3198.87
30,48,0.675736,0.464413,9.05,0,0,10015.1,2948.56
30,49,0.655609,0.439077,9.05,0,0,9709.22,2787.7
30,50,0.626811,0.417034,27.139,0,0,9302.17,2647.75
30,51,0.630812,0.420789,27.139,0,0,9391.16,2671.59
30,52,0.618993,0.440199,27.139,0,0,9177.81,2794.82
31,1,0.60199,0.403655,31.016,0,0,8875.78,2562.81
31,2,0.581938,0.38261,27.139,0,0,8525.27,2429.19
31,3,0.601658,0.417005,27.139,0,0,8669.96,2647.57
31,4,0.649406,0.510942,27.139,0,0,9307.41,3243.97
31,5,0.650565,0.522437,27.139,0,0,9266.78,3316.95
31,6,0.648538,0.505378,27.139,0,0,9100.33,3208.64
31,7,0.649814,0.535713,27.139,0,0,9047.3,3401.24
31,8,0.780312,0.627317,27.139,0,0,11096,3982.83
31,9,0.889551,0.657661,27.139,0,0,12768.3,4175.49
31,10,0.998406,0.739229,27.139,0,0,14672.1,4693.36
31,11,1,0.809163,27.139,0,0,14700,5137.38
31,12,0.991131,0.814319,27.139,0,0,14544.9,5170.11
31,13,1,0.834326,27.139,0,0,14700,5297.14
31,14,1,0.857485,27.139,0,0,14700,5444.17
31,15,1,0.963551,27.139,0,0,14700,6117.58
31,16,1,1,911.519,0,0,14700,6349
31,17,1,1,363.704,0,0,14700,6349
31,18,1,1,601.685,0,0,14700,6349
31,19,1,1,405.412,0,0,14700,6349
31,20,0.990466,1,53.9995,0,0,14533.3,6349
31,21,1,1,59.752,0,0,14700,6349
31,22,1,0.983461,27.139,0,0,14700,6243.99
31,23,0.983756,0.964606,9.05,0,0,14415.9,6124.28
31,24,0.953002,0.961816,9.05,0,0,13878,6106.57
31,25,0.928456,0.946008,9.05,0,0,13448.7,6006.2
31,26,0.944805,0.939247,9.05,0,0,13734.7,5963.28
31,27,1,0.983897,9.05,0,0,14700,6246.76
31,28,1,1,399.772,0,0,14700,6349
31,29,1,0.988092,9.05,0,0,14700,6273.39
31,30,1,1,919.098,0,0,14700,6349
31,31,1,1,677.402,0,0,14700,6349
31,32,1,1,322.042,0,0,14700,6349
31,33,0.99283,0.958961,9.05,0,0,14700,6088.44
31,34,1,0.925546,9.05,0,0,14700,5876.29
31,35,0.974676,0.880507,9.05,0,0,14324.1,5590.34
31,36,1,1,624.798,0,0,14700,6349
31,37,1,1,19.1371,0,0,14700,6349
31,38,0.995928,0.990132,9.05,0,0,14700,6286.35
31,39,0.993244,1,80.1312,0,0,14700,6349
31,40,0.99231,0.958161,9.05,0,0,14565.5,6083.36
31,41,0.999167,0.936475,9.05,0,0,14700,5945.68
31,42,0.990409,0.905365,9.05,0,0,14596.8,5748.16
31,43,0.984914,0.873591,9.05,0,0,14535.7,5546.43
31,44,0.962597,0.829951,9.05,0,0,14246,5269.36
31,45,0.996043,0.827683,9.05,0,0,14700,5254.96
31,46,1,0.815275,9.05,0,0,14700,5176.18
31,47,1,0.8114,9.05,0,0,14700,5151.58
31,48,1,0.804602,9.05,0,0,14700,5108.42
31,49,1,0.797754,9.05,0,0,14700,5064.94
31,50,1,0.791983,27.139,0,0,14700,5028.3
31,51,1,0.777063,27.139,0,0,14700,4933.57
31,52,1,0.772618,27.139,0,0,14700,4905.35
32,1,1,1,520.425,0,0,14700,6349
32,2,1,1,5241.9,0,0,14700,6349
32,3,1,1,1260.1,0,0,14700,6349
32,4,1,1,3038.18,0,0,14700,6349
32,5,1,1,1417.98,0,0,14700,6349
32,6,1,1,2423.6,0,0,14700,6349
32,7,1,1,2602.66,0,0,14700,6349
32,8,1,1,851.31,0,0,14700,6349
32,9,1,1,2719.76,0,0,14700,6349
32,10,1,1,504.198,0,0,14700,6349
32,11,1,1,60.9414,0,0,14700,6349
32,12,1,1,1292.61,0,0,14700,6349
32,13,1,1,483.958,0,0,14700,6349
32,14,0.991818,1,69.8649,0,0,14556.9,6349
32,15,1,1,2067.18,0,0,14700,6349
32,16,1,1,495.852,0,0,14700,6349
32,17,0.997675,0.971958,27.139,0,0,14659.3,6170.96
32,18,1,0.961123,27.139,0,0,14700,6102.17
32,19,1,1,279.346,0,0,14700,6349
32,20,1,1,176.123,0,0,14700,6349
32,21,0.987738,0.959876,27.139,0,0,14513.4,6094.25
32,22,0.949589,0.921437,27.139,0,0,13914.7,5850.2
32,23,0.93709,0.891326,9.05,0,0,13697.6,5659.03
32,24,0.945932,0.877922,9.05,0,0,13804.7,5573.93
32,25,0.954884,0.869849,9.05,0,0,14001,5522.67
32,26,1,0.9128,9.05,0,0,14700,5795.37
32,27,1,0.949912,9.05,0,0,14700,6030.99
32,28,1,0.973977,9.05,0,0,14700,6183.78
32,29,0.955849,0.925453,9.05,0,0,14008.2,5875.7
32,30,0.943844,0.902391,9.05,0,0,13860.1,5729.28
32,31,0.987703,0.894303,9.05,0,0,14700,5677.93
32,32,0.983587,0.879186,9.05,0,0,14700,5581.95
32,33,0.98025,0.874586,9.05,0,0,14700,5552.75
32,34,0.991566,0.858039,9.05,0,0,14700,5447.69
32,35,1,0.845202,9.05,0,0,14700,5366.18
32,36,0.999179,0.872878,9.05,0,0,14700,5541.9
32,37,0.998173,1,937.483,0,0,14700,6349
32,38,1,1,777.112,0,0,14700,6349
32,39,0.975656,0.98821,9.05,0,0,14379.7,6274.15
32,40,0.997391,1,411.932,0,0,14700,6349
32,41,1,1,906.568,0,0,14700,6349
32,42,1,1,755.628,0,0,14700,6349
32,43,1,1,564.976,0,0,14700,6349
32,44,1,1,367.408,0,0,14700,6349
32,45,1,1,5111.09,0,0,14700,6349
32,46,1,1,33321.7,0,0,14700,6349
32,47,1,1,12725.4,0,0,14700,6349
32,48,1,1,9208.87,0,0,14700,6349
32,49,1,1,9086.78,0,0,14700,6349
32,50,1,1,4852.84,0,0,14700,6349
32,51,1,1,11308.8,0,0,14700,6349
32,52,1,1,5460.73,0,0,14700,6349
33,1,1,1,3861.18,0,0,14700,6349
33,2,1,1,6413.09,0,0,14700,6349
33,3,1,1,9441.4,0,0,14700,6349
33,4,1,1,1365.73,0,0,14700,6349
33,5,1,1,4241.01,0,0,14700,6349
33,6,1,1,10348.8,0,0,14700,6349
33,7,1,1,1107.89,0,0,14700,6349
33,8,1,1,1656.25,0,0,14700,6349
33,9,1,1,442.855,0,0,14700,6349
33,10,1,1,4495.74,0,0,14700,6349
33,11,1,1,624.801,0,0,14700,6349
33,12,1,1,2474.98,0,0,14700,6349
33,13,1,1,838.832,0,0,14700,6349
33,14,1,1,2249.62,0,0,14700,6349
33,15,1,1,3192.33,0,0,14700,6349
33,16,1,1,3096.85,0,0,14700,6349
33,17,1,1,7897.86,0,0,14700,6349
33,18,1,1,1806.12,0,0,14700,6349
33,19,1,1,2997.62,0,0,14700,6349
33,20,1,1,256.699,0,0,14700,6349
33,21,1,1,265.391,0,0,14700,6349
33,22,0.975733,1,40.874,0,0,14331.6,6349
33,23,1,1,634.679,0,0,14700,6349
33,24,1,1,219.584,0,0,14700,6349
33,25,0.96397,1,32.5987,0,0,14069.9,6349
33,26,0.947322,0.99248,9.05,0,0,13778.7,6301.25
33,27,0.92649,1,206.775,0,0,13414.3,6349
33,28,1,0.9892,9.05,0,0,14700,6280.43
33,29,1,0.988509,9.05,0,0,14700,6276.05
33,30,1,1,274.795,0,0,14700,6349
33,31,1,0.955227,9.05,0,0,14700,6064.74
33,32,0.985863,0.928957,9.05,0,0,14452.8,5897.95
33,33,0.953729,0.873466,9.05,0,0,13890.7,5545.63
33,34,1,0.853109,9.05,0,0,14700,5416.39
33,35,1,0.815242,9.05,0,0,14700,5175.97
33,36,1,0.770043,9.05,0,0,14700,4889
33,37,0.972265,0.726255,9.05,0,0,14214.9,4610.99
33,38,0.952683,0.683092,9.05,0,0,13872.4,4336.95
33,39,0.917941,0.630017,9.05,0,0,13264.8,3999.98
33,40,0.910612,0.582965,9.05,0,0,13136.6,3701.24
33,41,0.908242,0.545081,9.05,0,0,13095.2,3460.72
33,42,0.894612,0.501468,9.05,0,0,12856.8,3183.82
33,43,0.91564,0.460474,9.05,0,0,13224.6,2923.55
33,44,0.917868,0.41592,9.05,0,0,13263.5,2640.68
33,45,0.894406,0.368565,9.05,0,0,12921.4,2340.02
33,46,0.88179,0.323797,9.05,0,0,12710.3,2055.79
33,47,0.876406,0.280197,9.05,0,0,12538.4,1778.97
33,48,0.854579,0.248762,9.05,0,0,12215.9,1579.39
33,49,0.83318,0.251696,9.05,0,0,11881.6,1598.02
33,50,0.841582,0.238962,27.139,0,0,12011.1,1517.17
33,51,0.835735,0.205954,27.139,0,0,11827.1,1307.6
33,52,0.881568,0.309607,27.139,0,0,12628.7,1965.69
34,1,1,0.457438,31.016,0,0,14700,2904.27
34,2,1,0.476023,27.139,0,0,14700,3022.27
34,3,1,0.461586,27.139,0,0,14700,2930.61
34,4,1,0.474929,27.139,0,0,14700,3015.33
34,5,1,0.474576,27.139,0,0,14700,3013.09
34,6,1,0.574899,27.139,0,0,14700,3650.04
34,7,1,0.721887,27.139,0,0,14700,4583.26
34,8,1,0.732611,27.139,0,0,14700,4651.35
34,9,1,0.747992,27.139,0,0,14700,4749
34,10,1,0.777381,27.139,0,0,14700,4935.59
34,11,1,0.880689,27.139,0,0,14700,5591.49
34,12,1,0.98121,27.139,0,0,14700,6229.7
34,13,0.988479,0.993722,27.139,0,0,14498.5,6309.14
34,14,1,1,422.83,0,0,14700,6349
34,15,1,1,811.884,0,0,14700,6349
34,16,1,1,307.747,0,0,14700,6349
34,17,1,1,280.662,0,0,14700,6349
34,18,1,1,411.451,0,0,14700,6349
34,19,1,1,482.022,0,0,14700,6349
34,20,0.999862,1,71.2318,0,0,14697.6,6349
34,21,1,1,66.2681,0,0,14700,6349
34,22,0.984123,1,328.922,0,0,14501.7,6349
34,23,0.988369,1,32.5498,0,0,14636,6349
34,24,0.988655,0.961638,9.05,0,0,14700,6105.44
34,25,0.956364,0.918226,9.05,0,0,14223.6,5829.82
34,26,0.932117,0.877149,9.05,0,0,13819.2,5569.02
34,27,0.87761,0.834863,9.05,0,0,12957.9,5300.55
34,28,0.852878,0.774702,9.05,0,0,12587.6,4918.58
34,29,0.834646,0.731676,9.05,0,0,12337.8,4645.41
34,30,0.781556,0.685406,9.05,0,0,11515.5,4351.64
34,31,0.724703,0.668526,9.05,0,0,10656.4,4244.47
34,32,0.692507,0.645554,9.05,0,0,10136.8,4098.62
34,33,0.654489,0.59535,9.05,0,0,9544.74,3779.87
34,34,0.639737,0.556593,9.05,0,0,8936.23,3533.81
34,35,0.605637,0.509267,9.05,0,0,8472.59,3233.34
34,36,0.579856,0.491077,9.05,0,0,8095.63,3117.85
34,37,0.614845,0.643704,9.05,0,0,8752.26,4086.88
34,38,0.635278,0.595435,9.05,0,0,9263.47,3780.41
34,39,0.656636,0.556959,9.05,0,0,9675.88,3536.13
34,40,0.742968,0.616621,9.05,0,0,11317.7,3914.93
34,41,0.706223,0.654568,9.05,0,0,10793.1,4155.85
34,42,0.693081,0.628556,9.05,0,0,10572.2,3990.7
34,43,0.703535,0.630036,9.05,0,0,10524.5,4000.1
34,44,0.688688,0.601294,9.05,0,0,10249,3817.62
34,45,0.665092,0.578522,9.05,0,0,9899.09,3673.03
34,46,0.634842,0.545982,9.05,0,0,9426.48,3466.44
34,47,0.640724,0.535072,9.05,0,0,9388.18,3397.17
34,48,0.639271,0.509517,9.05,0,0,9385.79,3234.92
34,49,0.672805,0.484838,9.05,0,0,9971.99,3078.24
34,50,0.732566,0.472274,27.139,0,0,10671.7,2998.47
34,51,1,0.544891,27.139,0,0,14700,3459.51
34,52,1,0.540723,27.139,0,0,14700,3433.05
35,1,1,0.548951,31.016,0,0,14700,3485.29
35,2,1,0.618237,27.139,0,0,14700,3925.19
35,3,1,0.611395,27.139,0,0,14700,3881.75
35,4,1,0.621277,27.139,0,0,14700,3944.49
35,5,0.995744,0.628489,27.139,0,0,14625.6,3990.28
35,6,1,0.663085,27.139,0,0,14700,4209.93
35,7,1,0.714675,27.139,0,0,14700,4537.47
35,8,1,0.787986,27.139,0,0,14700,5002.92
35,9,1,0.840865,27.139,0,0,14700,5338.65
35,10,1,0.913783,27.139,0,0,14700,5801.61
35,11,1,1,99.6096,0,0,14700,6349
35,12,1,1,318.353,0,0,14700,6349
35,13,1,1,1040.21,0,0,14700,6349
35,14,1,1,643.126,0,0,14700,6349
35,15,1,1,1199.29,0,0,14700,6349
35,16,1,1,174.731,0,0,14700,6349
35,17,0.988036,0.999611,27.139,0,0,14490.8,6346.53
35,18,1,1,791.647,0,0,14700,6349
35,19,0.995384,1,207.435,0,0,14619.3,6349
35,20,0.98733,0.995603,27.139,0,0,14478.4,6321.08
35,21,0.977381,0.9811,27.139,0,0,14304.4,6229.01
35,22,0.953377,0.963503,27.139,0,0,13932.9,6117.28
35,23,0.932881,0.928442,9.05,0,0,13623.6,5894.68
35,24,0.906843,0.923393,9.05,0,0,13274.8,5862.62
35,25,0.889307,0.947769,9.05,0,0,13053.4,6017.38
35,26,0.856991,0.924807,9.05,0,0,12570.4,5871.6
35,27,0.835795,0.939244,9.05,0,0,12297.7,5963.26
35,28,0.803039,0.901174,9.05,0,0,11841.6,5721.56
35,29,0.755129,0.86593,9.05,0,0,11170.1,5497.79
35,30,0.754538,0.897506,9.05,0,0,11265.7,5698.27
35,31,0.945813,1,212.572,0,0,14700,6349
35,32,0.951674,1,510.244,0,0,14700,6349
35,33,0.955454,1,656.096,0,0,14700,6349
35,34,0.979481,1,771.681,0,0,14700,6349
35,35,0.991069,1,963.561,0,0,14700,6349
35,36,0.993802,1,2415.53,0,0,14700,6349
35,37,0.959644,1,13.7984,0,0,14149.7,6349
35,38,0.922134,0.953292,9.05,0,0,13588.7,6052.45
35,39,0.888823,0.949505,9.05,0,0,13091.5,6028.41
35,40,0.846185,0.947963,9.05,0,0,12488.6,6018.62
35,41,0.804188,0.936769,9.05,0,0,11873,5947.54
35,42,0.768338,0.938012,9.05,0,0,11376.6,5955.44
35,43,0.72608,0.909501,9.05,0,0,10749.9,5774.42
35,44,0.701924,0.870562,9.05,0,0,10398,5527.2
35,45,0.662208,0.867494,9.05,0,0,9802.49,5507.72
35,46,0.635981,0.938857,9.05,0,0,9369.13,5960.8
35,47,0.628832,1,495.54,0,0,9126.72,6349
35,48,0.609154,0.996712,9.05,0,0,8858.18,6328.13
35,49,0.587004,0.996832,9.05,0,0,8485.57,6328.89
35,50,0.586426,1,605.835,0,0,8544.62,6349
35,51,0.580527,1,741.052,0,0,8486.05,6349
35,52,0.557632,1,59.9562,0,0,8144.26,6349
36,1,0.634725,1,1877.35,0,0,9469.12,6349
36,2,0.937817,1,5133.3,0,0,14700,6349
36,3,0.947291,1,1220.08,0,0,14700,6349
36,4,0.962114,1,354.496,0,0,14700,6349
36,5,0.96656,1,57.1689,0,0,14700,6349
36,6,0.973283,1,300.476,0,0,14700,6349
36,7,0.981778,1,630.68,0,0,14700,6349
36,8,0.99798,1,2785.8,0,0,14700,6349
36,9,1,1,1757.48,0,0,14700,6349
36,10,1,1,2252.48,0,0,14700,6349
36,11,1,1,5765.97,0,0,14700,6349
36,12,1,1,466.146,0,0,14700,6349
36,13,1,1,175.307,0,0,14700,6349
36,14,1,1,513.792,0,0,14700,6349
36,15,1,1,492.82,0,0,14700,6349
36,16,1,1,122.428,0,0,14700,6349
36,17,1,0.974415,27.139,0,0,14700,6186.56
36,18,0.976695,0.970786,27.139,0,0,14292.4,6163.52
36,19,0.970634,0.941851,27.139,0,0,14186.4,5979.81
36,20,0.938982,0.903023,27.139,0,0,13632.8,5733.29
36,21,0.941243,0.910039,27.139,0,0,13672.4,5777.84
36,22,0.912605,0.917611,27.139,0,0,13171.5,5825.91
36,23,0.947139,1,199.565,0,0,13775.5,6349
36,24,1,1,1197.04,0,0,14700,6349
36,25,1,1,268.87,0,0,14700,6349
36,26,1,1,1594.36,0,0,14700,6349
36,27,0.971983,1,142.371,0,0,14210,6349
36,28,0.997051,1,992.91,0,0,14700,6349
36,29,1,1,147.598,0,0,14700,6349
36,30,0.995642,1,1428.75,0,0,14700,6349
36,31,0.995222,1,4586.88,0,0,14700,6349
36,32,0.994972,0.996835,9.05,0,0,14700,6328.91
36,33,0.97991,1,206.811,0,0,14500.4,6349
36,34,0.973974,0.992707,9.05,0,0,14244.8,6302.7
36,35,0.940151,0.9647,9.05,0,0,13653.3,6124.88
36,36,0.922673,0.977782,9.05,0,0,13347.6,6207.94
36,37,0.890206,0.920237,9.05,0,0,12838.1,5842.58
36,38,0.865917,0.874881,9.05,0,0,12493.4,5554.62
36,39,0.883815,0.843149,9.05,0,0,12733.3,5353.16
36,40,0.865515,0.812526,9.05,0,0,12554.2,5158.73
36,41,0.995898,1,480.192,0,0,14700,6349
36,42,0.996235,0.983693,9.05,0,0,14700,6245.46
36,43,0.990643,0.939141,9.05,0,0,14700,5962.61
36,44,0.989068,1,111.1,0,0,14700,6349
36,45,0.985306,1,229.247,0,0,14700,6349
36,46,0.992196,1,1749.37,0,0,14700,6349
36,47,0.990803,0.989906,9.05,0,0,14675.6,6284.91
36,48,1,1,1390.4,0,0,14700,6349
36,49,1,1,5389.85,0,0,14700,6349
36,50,1,1,2163.86,0,0,14700,6349
36,51,1,1,3644.85,0,0,14700,6349
36,52,1,1,1593.07,0,0,14700,6349
37,1,1,1,1034.55,0,0,14700,6349
37,2,1,1,825.631,0,0,14700,6349
37,3,1,1,1147.28,0,0,14700,6349
37,4,1,1,948.302,0,0,14700,6349
37,5,1,1,1648.22,0,0,14700,6349
37,6,1,1,3948.15,0,0,14700,6349
37,7,1,1,1480.33,0,0,14700,6349
37,8,1,1,1884.73,0,0,14700,6349
37,9,1,1,3255.2,0,0,14700,6349
37,10,1,1,9175.18,0,0,14700,6349
37,11,1,1,545.053,0,0,14700,6349
37,12,1,1,684.51,0,0,14700,6349
37,13,1,1,364.594,0,0,14700,6349
37,14,1,1,520.209,0,0,14700,6349
37,15,1,1,2419.08,0,0,14700,6349
37,16,1,1,602.992,0,0,14700,6349
37,17,1,1,381.35,0,0,14700,6349
37,18,1,1,1463.09,0,0,14700,6349
37,19,1,1,1746.75,0,0,14700,6349
37,20,1,1,350.578,0,0,14700,6349
37,21,1,1,42.4763,0,0,14700,6349
37,22,0.993723,0.968156,27.139,0,0,14590.2,6146.82
37,23,1,1,360.167,0,0,14700,6349
37,24,0.983391,1,173.253,0,0,14409.5,6349
37,25,0.924613,0.953066,9.05,0,0,13512.2,6051.01
37,26,0.904981,0.926553,9.05,0,0,13215.6,5882.68
37,27,0.880104,0.918062,9.05,0,0,12855.3,5828.78
37,28,0.860894,0.896658,9.05,0,0,12278.1,5692.88
37,29,0.848351,1,199.211,0,0,12047.7,6349
37,30,0.812134,0.970749,9.05,0,0,11414.3,6163.29
37,31,0.775359,0.921778,9.05,0,0,10771.1,5852.37
37,32,0.753796,0.86646,9.05,0,0,10394,5501.15
37,33,0.735132,0.826684,9.05,0,0,10067.6,5248.62
37,34,0.715096,0.77643,9.05,0,0,9717.13,4929.55
37,35,0.69345,0.738466,9.05,0,0,9338.55,4688.52
37,36,0.671431,0.681784,9.05,0,0,8953.44,4328.65
37,37,0.623598,0.644638,9.05,0,0,8218.91,4092.8
37,38,0.583788,0.602891,9.05,0,0,7659.83,3827.75
37,39,0.547467,0.55728,9.05,0,0,7062.11,3538.17
37,40,0.524191,0.513794,9.05,0,0,6635.83,3262.08
37,41,0.502725,0.467379,9.05,0,0,6425.86,2967.39
37,42,0.527252,0.436856,9.05,0,0,6860.02,2773.6
37,43,0.558481,0.390251,9.05,0,0,7561.79,2477.71
37,44,0.584579,0.409681,9.05,0,0,8124.15,2601.06
37,45,0.96839,0.532706,9.05,0,0,14700,3382.15
37,46,0.975681,0.600936,9.05,0,0,14700,3815.34
37,47,0.990815,1,971.287,0,0,14700,6349
37,48,0.991387,1,39.3864,0,0,14700,6349
37,49,0.991775,0.991168,9.05,0,0,14700,6292.92
37,50,0.990026,0.96252,27.139,0,0,14700,6111.04
37,51,0.98794,0.929442,27.139,0,0,14700,5901.02
37,52,0.986387,0.935569,27.139,0,0,14700,5939.93
38,1,0.982457,1,882.571,0,0,14700,6349
38,2,0.982834,1,890.597,0,0,14700,6349
38,3,0.980968,1,309.896,0,0,14700,6349
38,4,0.979654,1,4678.53,0,0,14700,6349
38,5,0.977247,1,357.148,0,0,14700,6349
38,6,0.974004,1,1617.57,0,0,14700,6349
38,7,0.972242,1,1303.79,0,0,14700,6349
38,8,0.971958,1,2936.43,0,0,14700,6349
38,9,0.969359,1,326.838,0,0,14700,6349
38,10,0.971063,1,521.678,0,0,14700,6349
38,11,0.967954,1,816.122,0,0,14700,6349
38,12,0.965264,1,1131.87,0,0,14700,6349
38,13,0.965173,1,1232.75,0,0,14700,6349
38,14,0.963512,1,62.1909,0,0,14700,6349
38,15,0.961693,1,1319.63,0,0,14700,6349
38,16,0.960275,1,326.243,0,0,14700,6349
38,17,0.957697,1,1341.48,0,0,14700,6349
38,18,0.955684,1,1385.16,0,0,14700,6349
38,19,0.97561,1,790.297,0,0,14700,6349
38,20,1,1,543.705,0,0,14700,6349
38,21,1,1,366.473,0,0,14700,6349
38,22,0.971546,0.974075,27.139,0,0,14294.6,6184.4
38,23,0.998143,1,1536.44,0,0,14700,6349
38,24,1,1,20.4957,0,0,14700,6349
38,25,1,0.954201,9.05,0,0,14700,6058.22
38,26,1,0.897881,9.05,0,0,14700,5700.65
38,27,1,0.85103,9.05,0,0,14700,5403.19
38,28,0.969057,0.818084,9.05,0,0,14158.8,5194.02
38,29,0.930952,0.758654,9.05,0,0,13492.4,4816.69
38,30,1,0.759767,9.05,0,0,14700,4823.76
38,31,1,0.777639,9.05,0,0,14700,4937.23
38,32,1,0.850858,9.05,0,0,14700,5402.1
38,33,1,0.843197,9.05,0,0,14700,5353.46
38,34,1,0.893005,9.05,0,0,14700,5669.69
38,35,0.985082,0.9327,9.05,0,0,14551.7,5921.71
38,36,0.955776,1,28.4149,0,0,14009.1,6349
38,37,0.928398,0.985407,9.05,0,0,13577.2,6256.35
38,38,0.901373,0.966769,9.05,0,0,12975,6138.02
38,39,0.886662,0.970242,9.05,0,0,12717.8,6160.06
38,40,0.86687,0.941951,9.05,0,0,12371.6,5980.45
38,41,0.886283,1,279.964,0,0,12711.1,6349
38,42,0.876012,1,376.154,0,0,12531.5,6349
38,43,1,1,807.105,0,0,14700,6349
38,44,1,1,449.966,0,0,14700,6349
38,45,1,1,775.123,0,0,14700,6349
38,46,0.97334,1,203.486,0,0,14233.7,6349
38,47,0.953501,1,356.203,0,0,13886.7,6349
38,48,0.92949,0.989281,9.05,0,0,13466.8,6280.94
38,49,0.966249,1,1272.48,0,0,14109.7,6349
38,50,1,1,3451.6,0,0,14700,6349
38,51,1,1,3842.31,0,0,14700,6349
38,52,1,1,1927.88,0,0,14700,6349
39,1,1,1,2704.82,0,0,14700,6349
39,2,1,1,5097.1,0,0,14700,6349
39,3,1,1,14048.1,0,0,14700,6349
39,4,1,1,9363.04,0,0,14700,6349
39,5,1,1,3530.06,0,0,14700,6349
39,6,1,1,4391.73,0,0,14700,6349
39,7,1,1,1289.93,0,0,14700,6349
39,8,1,1,644.142,0,0,14700,6349
39,9,1,1,3562.32,0,0,14700,6349
39,10,1,1,251.685,0,0,14700,6349
39,11,1,1,126.119,0,0,14700,6349
39,12,1,1,833.951,0,0,14700,6349
39,13,1,1,1937.39,0,0,14700,6349
39,14,1,1,339.641,0,0,14700,6349
39,15,1,1,2471.15,0,0,14700,6349
39,16,1,1,1167.13,0,0,14700,6349
39,17,1,1,962.855,0,0,14700,6349
39,18,1,1,302.396,0,0,14700,6349
39,19,1,0.989792,27.139,0,0,14700,6284.19
39,20,1,0.981747,27.139,0,0,14700,6233.11
39,21,0.999907,0.948177,27.139,0,0,14698.4,6019.97
39,22,1,0.905971,27.139,0,0,14700,5752.01
39,23,0.976074,0.89926,9.05,0,0,14331.6,5709.4
39,24,0.937482,0.875912,9.05,0,0,13740.8,5561.17
39,25,0.927721,0.846909,9.05,0,0,13490.7,5377.03
39,26,0.886364,0.822862,9.05,0,0,12712.5,5224.35
39,27,0.85175,0.864688,9.05,0,0,12107.2,5489.91
39,28,0.809634,0.844044,9.05,0,0,11418.6,5358.84
39,29,0.778243,0.832338,9.05,0,0,10903.3,5284.51
39,30,0.799609,0.822989,9.05,0,0,11195.2,5225.16
39,31,0.769779,0.790287,9.05,0,0,10753.6,5017.53
39,32,0.76821,0.785142,9.05,0,0,10646.1,4984.87
39,33,0.802915,0.729713,9.05,0,0,11253,4632.95
39,34,0.821282,0.669622,9.05,0,0,11574.3,4251.43
39,35,0.801447,0.615262,9.05,0,0,11227.4,3906.3
39,36,0.762603,0.550675,9.05,0,0,10548,3496.24
39,37,0.768198,0.502787,9.05,0,0,10645.9,3192.2
39,38,0.745384,0.450127,9.05,0,0,10311.4,2857.86
39,39,0.699558,0.384707,9.05,0,0,9675.92,2442.5
39,40,0.658929,0.320446,9.05,0,0,9161.84,2034.51
39,41,0.61807,0.258906,9.05,0,0,8608.89,1643.79
39,42,0.576351,0.20748,9.05,0,0,8046.63,1317.29
39,43,0.554172,0.163188,9.05,0,0,7752.16,1036.08
39,44,0.517121,0.112673,9.05,0,0,7245.69,715.362
39,45,0.486894,0.0603589,9.05,0,0,6811.7,383.219
39,46,0.453639,0.0223506,9.05,0,0,6335.61,141.904
39,47,0.428455,0,9.05,0,0,5995.47,0
39,48,0.404274,0,9.05,0,0,5511.48,0
39,49,0.382028,0,9.05,0,0,5159.38,0
39,50,0.369237,0,27.139,0,0,4920,0
39,51,0.350839,0.00265245,27.139,0,0,4540.08,16.8404
39,52,0.332355,0,27.139,0,0,4263.88,0
40,1,0.319541,0.0581215,31.016,0,0,3847.32,369.013
40,2,0.332511,0.0756497,27.139,0,0,3923.37,480.3
40,3,0.326799,0.0489022,27.139,0,0,3816.28,310.48
40,4,0.36381,0.111613,27.139,0,0,4474.81,708.633
40,5,0.348589,0.0843849,27.139,0,0,4255.3,535.76
40,6,0.411458,0.1552,27.139,0,0,4796.02,985.366
40,7,0.699566,0.421917,27.139,0,0,9445.52,2678.75
40,8,1,0.834565,27.139,0,0,14700,5298.66
40,9,1,1,1558.85,0,0,14700,6349
40,10,1,1,1267.4,0,0,14700,6349
40,11,1,1,936.804,0,0,14700,6349
40,12,1,1,1406.36,0,0,14700,6349
40,13,1,1,1081.32,0,0,14700,6349
40,14,1,1,397.053,0,0,14700,6349
40,15,1,1,1832.68,0,0,14700,6349
40,16,1,1,1918.31,0,0,14700,6349
40,17,1,0.997987,27.139,0,0,14700,6336.22
40,18,0.995318,0.985808,27.139,0,0,14618.1,6258.9
40,19,1,1,1015.14,0,0,14700,6349
40,20,1,1,331.865,0,0,14700,6349
40,21,1,1,118.403,0,0,14700,6349
40,22,0.978742,1,180.047,0,0,14341.1,6349
40,23,0.966178,1,89.5704,0,0,14237.8,6349
40,24,0.986448,1,201.355,0,0,14700,6349
40,25,0.983477,1,464.491,0,0,14700,6349
40,26,0.969279,1,133.436,0,0,14491.2,6349
40,27,0.972697,1,371.396,0,0,14700,6349
40,28,0.930174,0.980617,9.05,0,0,14040.3,6225.94
40,29,0.963418,1,319.805,0,0,14700,6349
40,30,0.918122,1,104.524,0,0,13989.7,6349
40,31,0.926086,1,1457.93,0,0,14185.6,6349
40,32,0.956752,1,1021.39,0,0,14700,6349
40,33,0.967116,1,119.081,0,0,14700,6349
40,34,0.969277,1,76.7066,0,0,14700,6349
40,35,0.97371,1,409.973,0,0,14700,6349
40,36,0.976133,1,1335.75,0,0,14700,6349
40,37,0.926948,0.97216,9.05,0,0,13991,6172.24
40,38,0.902327,0.945133,9.05,0,0,13664.5,6000.65
40,39,0.967217,0.982695,9.05,0,0,14700,6239.13
40,40,0.954479,0.974775,9.05,0,0,14584.1,6188.84
40,41,0.954052,0.93477,9.05,0,0,14616.9,5934.85
40,42,0.963081,0.907373,9.05,0,0,14700,5760.91
40,43,0.968118,0.885499,9.05,0,0,14700,5622.03
40,44,0.958352,0.851347,9.05,0,0,14593.9,5405.2
40,45,0.969514,0.842875,9.05,0,0,14700,5351.42
40,46,0.98216,0.953066,9.05,0,0,14700,6051.02
40,47,0.984972,1,491.768,0,0,14700,6349
40,48,1,1,2310.89,0,0,14700,6349
40,49,1,1,723.172,0,0,14700,6349
40,50,1,1,1509.27,0,0,14700,6349
40,51,1,1,2163.6,0,0,14700,6349
40,52,1,1,2100.64,0,0,14700,6349
41,1,1,0.9687,34.893,0,0,14700,6150.27
41,2,0.976456,0.938144,27.139,0,0,14288.2,5956.28
41,3,1,1,280.741,0,0,14700,6349
41,4,1,1,269.011,0,0,14700,6349
41,5,1,0.994503,27.139,0,0,14700,6314.1
41,6,1,1,461.136,0,0,14700,6349
41,7,1,1,2250.4,0,0,14700,6349
41,8,1,1,2777.32,0,0,14700,6349
41,9,1,1,1265,0,0,14700,6349
41,10,1,1,1636.2,0,0,14700,6349
41,11,0.995182,1,674.56,0,0,14700,6349
41,12,0.993802,1,3302.03,0,0,14700,6349
41,13,0.993393,1,1629.34,0,0,14700,6349
41,14,0.99503,1,1842.23,0,0,14700,6349
41,15,0.995113,1,1073.24,0,0,14700,6349
41,16,0.997481,1,503.784,0,0,14700,6349
41,17,1,1,536.012,0,0,14700,6349
41,18,0.972182,0.949555,27.139,0,0,14249.6,6028.73
41,19,0.982917,0.994648,27.139,0,0,14401.2,6315.02
41,20,1,1,285.928,0,0,14700,6349
41,21,1,1,230.127,0,0,14700,6349
41,22,0.99275,0.997747,27.139,0,0,14573.2,6334.69
41,23,1,1,368.794,0,0,14700,6349
41,24,0.963876,0.945015,9.05,0,0,14068.2,5999.9
41,25,0.906746,0.908983,9.05,0,0,13247.6,5771.14
41,26,0.876465,0.858843,9.05,0,0,12752.3,5452.8
41,27,0.841801,0.829146,9.05,0,0,12224.4,5264.25
41,28,0.801228,0.7997,9.05,0,0,11646.8,5077.29
41,29,0.780747,0.76726,9.05,0,0,11425.6,4871.33
41,30,0.824731,0.858121,9.05,0,0,12199.3,5448.21
41,31,0.880415,0.868275,9.05,0,0,12608.5,5512.68
41,32,0.857008,0.90396,9.05,0,0,12199.1,5739.24
41,33,1,0.996374,9.05,0,0,14700,6325.98
41,34,0.981406,0.977855,9.05,0,0,14480.8,6208.4
41,35,0.957376,0.981224,9.05,0,0,14164.2,6229.79
41,36,0.926145,0.962142,9.05,0,0,13691.3,6108.64
41,37,0.889967,0.910272,9.05,0,0,13170.7,5779.32
41,38,0.853259,0.866685,9.05,0,0,12630.7,5502.58
41,39,0.816757,0.818364,9.05,0,0,12090.6,5195.79
41,40,0.778541,0.767187,9.05,0,0,11495.1,4870.87
41,41,0.733142,0.713564,9.05,0,0,10827.3,4530.42
41,42,0.691343,0.684548,9.05,0,0,10226.2,4346.19
41,43,0.655582,0.657893,9.05,0,0,9739.59,4176.96
41,44,0.619684,0.646679,9.05,0,0,9202.87,4105.76
41,45,0.596839,0.606914,9.05,0,0,8865.15,3853.3
41,46,0.562492,0.580605,9.05,0,0,8338.36,3686.26
41,47,0.534079,0.604843,9.05,0,0,7928.42,3840.15
41,48,0.534432,0.660635,9.05,0,0,7908.41,4194.37
41,49,0.511329,0.68627,9.05,0,0,7526.53,4357.13
41,50,0.502351,0.844965,27.139,0,0,7403.77,5364.68
41,51,0.480945,0.847124,27.139,0,0,7130.21,5378.39
41,52,0.460913,0.848487,27.139,0,0,6863.78,5387.05
42,1,0.563325,1,724.907,0,0,8693.04,6349
42,2,0.582698,1,802.177,0,0,9059.43,6349
42,3,0.642213,1,1221.41,0,0,10129.7,6349
42,4,0.638822,0.98472,27.139,0,0,10105.1,6251.99
42,5,0.682071,1,249.382,0,0,10880.9,6349
42,6,0.900147,1,2961,0,0,14700,6349
42,7,0.904049,1,1086.83,0,0,14700,6349
42,8,0.906357,1,590.764,0,0,14700,6349
42,9,0.88903,0.988208,27.139,0,0,14405.2,6274.13
42,10,0.905366,1,1564.99,0,0,14700,6349
42,11,0.915317,1,1884.41,0,0,14700,6349
42,12,0.919705,0.981142,27.139,0,0,14700,6229.27
42,13,0.923554,1,709.998,0,0,14700,6349
42,14,0.925298,1,1189.75,0,0,14700,6349
42,15,0.925359,1,475.217,0,0,14700,6349
42,16,0.922869,1,1069.56,0,0,14700,6349
42,17,0.920063,1,1308.65,0,0,14700,6349
42,18,0.900309,0.996254,27.139,0,0,14393.5,6325.22
42,19,0.884069,0.987035,27.139,0,0,14100.6,6266.69
42,20,0.848667,0.934365,27.139,0,0,13519.4,5932.28
42,21,0.83841,0.90567,27.139,0,0,13344.8,5750.1
42,22,0.822965,0.908677,27.139,0,0,13067,5769.19
42,23,0.781551,0.865226,9.05,0,0,12421.7,5493.32
42,24,0.733124,0.864783,9.05,0,0,11662.3,5490.51
42,25,0.695007,0.839344,9.05,0,0,11058.8,5329
42,26,0.679724,0.808562,9.05,0,0,10779.1,5133.56
42,27,0.625608,0.775658,9.05,0,0,9923.76,4924.65
42,28,0.580557,0.813796,9.05,0,0,9235.27,5166.79
42,29,0.549363,0.770824,9.05,0,0,8768.08,4893.96
42,30,0.500657,0.71078,9.05,0,0,7999.96,4512.74
42,31,0.485625,0.686661,9.05,0,0,7802.62,4359.61
42,32,0.548563,0.665827,9.05,0,0,8945.92,4227.34
42,33,0.536379,0.622098,9.05,0,0,8781.62,3949.7
42,34,0.613453,0.617913,9.05,0,0,9465.1,3923.13
42,35,0.712037,0.683266,9.05,0,0,10822.6,4338.05
42,36,0.934686,0.882039,9.05,0,0,13629.3,5600.07
42,37,1,1,4547.99,0,0,14700,6349
42,38,1,1,621.733,0,0,14700,6349
42,39,1,1,373.457,0,0,14700,6349
42,40,0.999323,1,70.3095,0,0,14700,6349
42,41,0.977675,0.993672,9.05,0,0,14471.3,6308.83
42,42,0.98787,1,1020.18,0,0,14700,6349
42,43,0.943436,1,77.3639,0,0,13989.2,6349
42,44,0.910257,0.955768,9.05,0,0,13528.7,6068.17
42,45,0.88222,0.940565,9.05,0,0,13078.1,5971.65
42,46,0.85724,0.921525,9.05,0,0,12664.6,5850.76
42,47,0.841,0.891221,9.05,0,0,12336.5,5658.36
42,48,0.823725,0.94349,9.05,0,0,11971.6,5990.22
42,49,1,1,2565.44,0,0,14700,6349
42,50,1,1,606.883,0,0,14700,6349
42,51,1,1,1842.39,0,0,14700,6349
42,52,1,1,2204.49,0,0,14700,6349
43,1,1,1,1058,0,0,14700,6349
43,2,1,1,5743.86,0,0,14700,6349
43,3,1,1,8353.9,0,0,14700,6349
43,4,1,1,2791.29,0,0,14700,6349
43,5,1,1,1412.06,0,0,14700,6349
43,6,1,1,851.961,0,0,14700,6349
43,7,1,1,286.927,0,0,14700,6349
43,8,1,1,738.098,0,0,14700,6349
43,9,1,1,1762.37,0,0,14700,6349
43,10,1,1,422.068,0,0,14700,6349
43,11,1,0.979914,27.139,0,0,14700,6221.47
43,12,1,1,1764.57,0,0,14700,6349
43,13,1,1,499.077,0,0,14700,6349
43,14,1,1,2156.5,0,0,14700,6349
43,15,1,1,1426.92,0,0,14700,6349
43,16,1,1,923.362,0,0,14700,6349
43,17,1,1,625.094,0,0,14700,6349
43,18,0.973369,0.968667,27.139,0,0,14234.2,6150.07
43,19,0.971764,0.961573,27.139,0,0,14206.2,6105.03
43,20,0.950562,0.949949,27.139,0,0,13835.3,6031.23
43,21,0.924003,0.952579,27.139,0,0,13370.8,6047.93
43,22,0.904213,0.945455,27.139,0,0,13086.5,6002.69
43,23,0.851486,0.984114,9.05,0,0,12293.6,6248.14
43,24,0.800589,0.974405,9.05,0,0,11463.1,6186.5
43,25,0.764482,0.964593,9.05,0,0,10922.9,6124.2
43,26,0.732628,0.975932,9.05,0,0,10461.8,6196.2
43,27,0.673312,0.952858,9.05,0,0,9611.38,6049.7
43,28,0.660143,0.899506,9.05,0,0,9421.62,5710.97
43,29,0.654246,1,307.628,0,0,9382.81,6349
43,30,0.617725,0.983271,9.05,0,0,8740.11,6242.79
43,31,0.554644,0.933122,9.05,0,0,7842.55,5924.39
43,32,0.501683,0.880649,9.05,0,0,7110.16,5591.24
43,33,0.462885,0.839874,9.05,0,0,6567.85,5332.36
43,34,0.427766,0.786884,9.05,0,0,6058.04,4995.93
43,35,0.388891,0.731888,9.05,0,0,5528.89,4646.76
43,36,0.365582,0.681671,9.05,0,0,5223.24,4327.93
43,37,0.348842,0.624646,9.05,0,0,5021.04,3965.88
43,38,0.306512,0.572602,9.05,0,0,4424.6,3635.45
43,39,0.284354,0.51981,9.05,0,0,4133.1,3300.27
43,40,0.254494,0.46604,9.05,0,0,3731.52,2958.89
43,41,0.217185,0.407886,9.05,0,0,3196.8,2589.67
43,42,0.176741,0.353297,9.05,0,0,2619.18,2243.08
43,43,0.148941,0.304223,9.05,0,0,2224.65,1931.51
43,44,0.144226,0.311814,9.05,0,0,2185.18,1979.71
43,45,0.117722,0.270248,9.05,0,0,1814.56,1715.81
43,46,0.10293,0.229608,9.05,0,0,1612.58,1457.78
43,47,0.108068,0.222989,9.05,0,0,1590.13,1415.75
43,48,0.102579,0.198852,9.05,0,0,1581.62,1262.51
43,49,0.0780933,0.169076,9.05,0,0,1195.5,1073.47
43,50,0.0634505,0.14215,27.139,0,0,996.045,902.508
43,51,0.0588486,0.113803,27.139,0,0,927.548,722.536
43,52,0.0726322,0.086057,27.139,0,0,1192.45,546.376
44,1,0.145276,0.155402,31.016,0,0,2281.55,986.648
44,2,0.163097,0.21656,27.139,0,0,2588.84,1374.94
44,3,0.315591,0.284491,27.139,0,0,5267.29,1806.23
44,4,0.693061,0.470077,27.139,0,0,11791.2,2984.52
44,5,0.860834,0.619017,27.139,0,0,14700,3930.14
44,6,0.862365,0.617924,27.139,0,0,14700,3923.2
44,7,0.864293,1,840.55,0,0,14700,6349
44,8,0.869412,1,3641.22,0,0,14700,6349
44,9,0.871776,1,948.843,0,0,14700,6349
44,10,0.875688,1,198.497,0,0,14700,6349
44,11,0.891061,1,5691.5,0,0,14700,6349
44,12,0.897885,1,5309.7,0,0,14700,6349
44,13,0.902162,1,2061.81,0,0,14700,6349
44,14,0.912814,1,1717.27,0,0,14700,6349
44,15,0.919511,1,1682.92,0,0,14700,6349
44,16,0.923563,1,624.478,0,0,14700,6349
44,17,0.924561,1,1687.44,0,0,14700,6349
44,18,0.927023,1,2787.77,0,0,14700,6349
44,19,0.932206,1,1790.1,0,0,14700,6349
44,20,0.939746,1,1697.24,0,0,14700,6349
44,21,0.948051,1,369.795,0,0,14700,6349
44,22,0.961607,1,189.038,0,0,14700,6349
44,23,0.94534,0.970646,9.05,0,0,14463.7,6162.63
44,24,0.900118,0.925405,9.05,0,0,13740.6,5875.4
44,25,0.878296,0.893413,9.05,0,0,13353.4,5672.28
44,26,0.843146,0.846775,9.05,0,0,12638.2,5376.17
44,27,0.793333,0.792127,9.05,0,0,11778.8,5029.22
44,28,0.73739,0.7339,9.05,0,0,10920.3,4659.53
44,29,0.718475,0.698062,9.05,0,0,10641,4431.99
44,30,0.758459,0.683037,9.05,0,0,11343.2,4336.6
44,31,0.719989,0.644892,9.05,0,0,10638.3,4094.42
44,32,0.734732,0.643326,9.05,0,0,10664.9,4084.47
44,33,0.710724,0.598279,9.05,0,0,10177.1,3798.47
44,34,0.692915,0.563342,9.05,0,0,9807.54,3576.66
44,35,0.744586,0.53087,9.05,0,0,10435.7,3370.49
44,36,0.820502,0.516128,9.05,0,0,11560.6,3276.9
44,37,0.857475,0.529192,9.05,0,0,12207.3,3359.84
44,38,0.879419,0.535406,9.05,0,0,12591.1,3399.3
44,39,0.871758,0.494813,9.05,0,0,12578.1,3141.57
44,40,1,0.441638,9.05,0,0,14700,2803.96
44,41,1,0.412317,9.05,0,0,14700,2617.8
44,42,1,0.364686,9.05,0,0,14700,2315.39
44,43,1,0.322751,9.05,0,0,14700,2049.15
44,44,1,0.279154,9.05,0,0,14700,1772.35
44,45,0.974317,0.234137,9.05,0,0,14250.8,1486.53
44,46,0.983389,0.22244,9.05,0,0,14409.5,1412.27
44,47,0.98323,0.184253,9.05,0,0,14428.1,1169.82
44,48,0.966954,0.151772,9.05,0,0,14122,963.6
44,49,0.996221,0.134774,9.05,0,0,14633.9,855.682
44,50,1,0.127286,27.139,0,0,14700,808.14
44,51,1,0.129532,27.139,0,0,14700,822.399
44,52,1,0.101983,27.139,0,0,14700,647.492
45,1,1,0.0922362,34.893,0,0,14700,585.607
45,2,1,0.0869451,27.139,0,0,14700,552.014
45,3,1,0.0604146,27.139,0,0,14700,383.572
45,4,0.999047,0.044329,27.139,0,0,14683.3,281.445
45,5,1,0.118178,27.139,0,0,14700,750.315
45,6,1,0.144354,27.139,0,0,14700,916.504
45,7,1,0.20136,27.139,0,0,14700,1278.44
45,8,1,0.224817,27.139,0,0,14700,1427.36
45,9,1,0.237531,27.139,0,0,14700,1508.09
45,10,1,0.448621,27.139,0,0,14700,2848.29
45,11,1,0.501318,27.139,0,0,14700,3182.87
45,12,1,0.568373,27.139,0,0,14700,3608.6
45,13,1,0.797181,27.139,0,0,14700,5061.3
45,14,1,0.884094,27.139,0,0,14700,5613.11
45,15,1,1,182.055,0,0,14700,6349
45,16,1,1,1557.5,0,0,14700,6349
45,17,1,1,532.046,0,0,14700,6349
45,18,1,1,596.093,0,0,14700,6349
45,19,1,1,1309.04,0,0,14700,6349
45,20,1,1,622.486,0,0,14700,6349
45,21,1,1,861.986,0,0,14700,6349
45,22,1,1,235.896,0,0,14700,6349
45,23,0.996873,0.993026,9.05,0,0,14700,6304.72
45,24,1,1,44.7845,0,0,14700,6349
45,25,1,0.990983,9.05,0,0,14700,6291.75
45,26,0.987852,0.937741,9.05,0,0,14502.2,5953.72
45,27,0.937732,0.882588,9.05,0,0,13764.5,5603.55
45,28,0.891437,0.836464,9.05,0,0,13075.1,5310.71
45,29,0.859949,0.800852,9.05,0,0,12532.4,5084.61
45,30,0.843683,0.778747,9.05,0,0,12262.9,4944.26
45,31,0.832747,0.751493,9.05,0,0,12019.1,4771.23
45,32,0.871875,0.72184,9.05,0,0,12541.5,4582.96
45,33,0.819308,0.663113,9.05,0,0,11799,4210.1
45,34,0.798186,0.614526,9.05,0,0,11482.8,3901.63
45,35,0.90273,0.616002,9.05,0,0,13346.3,3910.99
45,36,0.963252,0.58282,9.05,0,0,14525.2,3700.33
45,37,0.950379,0.542773,9.05,0,0,14372.8,3446.07
45,38,0.965345,0.52265,9.05,0,0,14700,3318.3
45,39,0.961554,0.574796,9.05,0,0,14700,3649.38
45,40,0.938276,0.546278,9.05,0,0,14392.3,3468.32
45,41,0.90785,0.501352,9.05,0,0,13945.1,3183.09
45,42,0.880467,0.451286,9.05,0,0,13521.5,2865.22
45,43,0.873519,0.414003,9.05,0,0,13248.4,2628.51
45,44,0.954684,0.392261,9.05,0,0,14376.4,2490.46
45,45,0.929801,0.342464,9.05,0,0,13988.9,2174.3
45,46,0.941767,0.29553,9.05,0,0,14205.9,1876.32
45,47,0.915721,0.253331,9.05,0,0,13779.3,1608.4
45,48,0.913654,0.215882,9.05,0,0,13791.1,1370.63
45,49,0.887666,0.169569,9.05,0,0,13387.7,1076.59
45,50,0.933664,0.127219,27.139,0,0,13539.8,807.711
45,51,0.976087,0.0850423,27.139,0,0,14281.8,539.933
45,52,1,0.0466397,27.139,0,0,14700,296.115
46,1,1,0.249103,31.016,0,0,14700,1581.55
46,2,1,0.267268,27.139,0,0,14700,1696.88
46,3,1,0.267711,27.139,0,0,14700,1699.7
46,4,1,0.296806,27.139,0,0,14700,1884.42
46,5,1,0.437104,27.139,0,0,14700,2775.17
46,6,1,0.553031,27.139,0,0,14700,3511.2
46,7,1,1,570.283,0,0,14700,6349
46,8,1,1,285.154,0,0,14700,6349
46,9,1,1,804.574,0,0,14700,6349
46,10,1,1,218.015,0,0,14700,6349
46,11,1,1,1440.37,0,0,14700,6349
46,12,1,1,140.444,0,0,14700,6349
46,13,1,1,49.7022,0,0,14700,6349
46,14,1,1,409.929,0,0,14700,6349
46,15,1,1,1428.32,0,0,14700,6349
46,16,1,1,375.534,0,0,14700,6349
46,17,1,0.971128,27.139,0,0,14700,6165.69
46,18,1,1,1008.04,0,0,14700,6349
46,19,0.997327,1,388.947,0,0,14700,6349
46,20,0.995027,1,333.79,0,0,14700,6349
46,21,1,1,84.5419,0,0,14700,6349
46,22,0.99805,1,990.628,0,0,14700,6349
46,23,0.987615,0.992515,9.05,0,0,14518,6301.48
46,24,0.945906,0.963288,9.05,0,0,13948.9,6115.92
46,25,0.915919,0.913166,9.05,0,0,13513.8,5797.69
46,26,0.867399,0.901464,9.05,0,0,12729,5723.39
46,27,0.811899,0.841806,9.05,0,0,11865,5344.63
46,28,0.771623,0.790588,9.05,0,0,11259.3,5019.44
46,29,0.73234,0.740789,9.05,0,0,10715.5,4703.27
46,30,0.6753,0.690676,9.05,0,0,9911.39,4385.1
46,31,0.615124,0.648956,9.05,0,0,9023.41,4120.22
46,32,0.578575,0.670174,9.05,0,0,8479.45,4254.93
46,33,0.574965,0.715489,9.05,0,0,8494.6,4542.64
46,34,0.550043,0.853562,9.05,0,0,8149.62,5419.26
46,35,0.527182,0.908835,9.05,0,0,7580.51,5770.19
46,36,0.496962,0.937506,9.05,0,0,7190.04,5952.23
46,37,0.498971,0.88133,9.05,0,0,7266.82,5595.56
46,38,0.535088,0.864873,9.05,0,0,7889.37,5491.08
46,39,0.498035,0.82875,9.05,0,0,7350.42,5261.73
46,40,0.475876,0.801673,9.05,0,0,7037.07,5089.82
46,41,0.51115,0.895355,9.05,0,0,7680.49,5684.61
46,42,0.50471,0.856794,9.05,0,0,7668.65,5439.78
46,43,0.471308,0.811395,9.05,0,0,7187.65,5151.55
46,44,0.450911,0.763561,9.05,0,0,6937.23,4847.85
46,45,0.414584,0.708777,9.05,0,0,6386.62,4500.03
46,46,0.394736,0.667072,9.05,0,0,5999.7,4235.24
46,47,0.382794,0.634078,9.05,0,0,5862.33,4025.76
46,48,0.407236,0.603314,9.05,0,0,6249.64,3830.44
46,49,0.544939,0.584366,9.05,0,0,8559.1,3710.14
46,50,0.532981,0.555497,27.139,0,0,8424.2,3526.85
46,51,0.52029,0.52014,27.139,0,0,8251.64,3302.37
46,52,0.493544,0.478389,27.139,0,0,7848.14,3037.29
47,1,0.543373,0.533486,31.016,0,0,8780.78,3387.1
47,2,0.660334,0.682046,27.139,0,0,10832.1,4330.31
47,3,0.881003,0.711482,27.139,0,0,14700,4517.2
47,4,0.881521,0.749472,27.139,0,0,14700,4758.4
47,5,0.883744,0.784586,27.139,0,0,14700,4981.33
47,6,0.882704,0.760384,27.139,0,0,14700,4827.68
47,7,0.881502,0.799974,27.139,0,0,14700,5079.04
47,8,0.881393,1,1422.48,0,0,14700,6349
47,9,0.880887,1,926.823,0,0,14700,6349
47,10,0.879965,1,705.135,0,0,14700,6349
47,11,0.879168,1,1444.81,0,0,14700,6349
47,12,0.878387,1,841.716,0,0,14700,6349
47,13,0.878149,1,1869.11,0,0,14700,6349
47,14,0.877425,1,933.278,0,0,14700,6349
47,15,0.876803,1,949.658,0,0,14700,6349
47,16,0.875512,1,1549.18,0,0,14700,6349
47,17,0.875408,1,1140.67,0,0,14700,6349
47,18,0.874791,1,76.9865,0,0,14700,6349
47,19,0.838454,1,248.515,0,0,14024.2,6349
47,20,0.808822,0.997172,27.139,0,0,13490.3,6331.05
47,21,0.806827,1,56.7723,0,0,13261.4,6349
47,22,0.895634,1,323.13,0,0,14700,6349
47,23,0.896392,0.991944,9.05,0,0,14700,6297.85
47,24,0.89143,0.967185,9.05,0,0,14665.1,6140.66
47,25,0.854049,0.948835,9.05,0,0,14049.8,6024.15
47,26,0.898445,1,447.972,0,0,14700,6349
47,27,0.844514,0.944278,9.05,0,0,13829.9,5995.22
47,28,0.787002,0.919081,9.05,0,0,12869.5,5835.24
47,29,0.754587,0.895903,9.05,0,0,12316.4,5688.09
47,30,0.730367,0.867631,9.05,0,0,11914,5508.59
47,31,0.703261,0.954355,9.05,0,0,11434.5,6059.2
47,32,0.683125,0.936164,9.05,0,0,11140.1,5943.71
47,33,0.648694,0.893838,9.05,0,0,10579.9,5674.98
47,34,0.603581,0.828789,9.05,0,0,9843.09,5261.98
47,35,0.563055,0.790335,9.05,0,0,9165.24,5017.84
47,36,0.522508,0.732934,9.05,0,0,8484.36,4653.4
47,37,0.48261,0.697712,9.05,0,0,7829.7,4429.77
47,38,0.439712,0.651842,9.05,0,0,7137.65,4138.54
47,39,0.406054,0.589915,9.05,0,0,6606.67,3745.37
47,40,0.353545,0.614906,9.05,0,0,5757.18,3904.04
47,41,0.315985,0.594293,9.05,0,0,5159.99,3773.16
47,42,0.287013,0.559569,9.05,0,0,4666.78,3552.7
47,43,0.275527,0.515153,9.05,0,0,4463.3,3270.71
47,44,0.23867,0.472121,9.05,0,0,3872.16,2997.49
47,45,0.223072,0.436506,9.05,0,0,3612.13,2771.37
47,46,0.246685,0.431187,9.05,0,0,3796.32,2737.61
47,47,0.2436,0.448161,9.05,0,0,3593.58,2845.37
47,48,0.528115,0.578945,9.05,0,0,7227.74,3675.72
47,49,0.766396,0.649283,9.05,0,0,10614.3,4122.3
47,50,0.945861,0.786347,27.139,0,0,13753.1,4992.52
47,51,0.97531,0.910822,27.139,0,0,14268.2,5782.81
47,52,0.974256,0.989948,27.139,0,0,14249.8,6285.18
48,1,1,1,444.474,0,0,14700,6349
48,2,1,1,1274.51,0,0,14700,6349
48,3,1,1,419.922,0,0,14700,6349
48,4,1,1,4188.59,0,0,14700,6349
48,5,1,1,666.948,0,0,14700,6349
48,6,1,1,350.976,0,0,14700,6349
48,7,1,1,492.348,0,0,14700,6349
48,8,1,1,630.108,0,0,14700,6349
48,9,1,1,332.026,0,0,14700,6349
48,10,1,1,2241.13,0,0,14700,6349
48,11,0.995976,1,554.442,0,0,14700,6349
48,12,0.996213,1,2728.82,0,0,14700,6349
48,13,0.99889,1,5787.32,0,0,14700,6349
48,14,0.997199,1,1698.76,0,0,14700,6349
48,15,0.994215,1,2530.51,0,0,14700,6349
48,16,0.992577,1,264.811,0,0,14700,6349
48,17,0.993734,1,33.4845,0,0,14700,6349
48,18,0.987229,1,125.975,0,0,14700,6349
48,19,0.983998,0.999768,27.139,0,0,14700,6347.53
48,20,0.981055,1,115.284,0,0,14700,6349
48,21,0.960153,0.981852,27.139,0,0,14351.1,6233.78
48,22,0.971222,1,193.96,0,0,14609,6349
48,23,0.971962,1,1521.87,0,0,14700,6349
48,24,0.947008,1,89.2167,0,0,14408.7,6349
48,25,0.959594,1,1141.87,0,0,14700,6349
48,26,0.957923,0.996155,9.05,0,0,14700,6324.59
48,27,0.952537,1,389.446,0,0,14700,6349
48,28,0.947505,1,2237.03,0,0,14700,6349
48,29,0.941247,1,225.159,0,0,14700,6349
48,30,0.936622,1,1095.55,0,0,14700,6349
48,31,0.931888,1,1419.47,0,0,14700,6349
48,32,0.92864,1,489.497,0,0,14700,6349
48,33,0.925488,1,375.287,0,0,14700,6349
48,34,0.930983,1,898.55,0,0,14700,6349
48,35,0.949808,1,117.623,0,0,14700,6349
48,36,0.930486,1,121.819,0,0,14434.5,6349
48,37,0.942572,0.975424,9.05,0,0,14700,6192.96
48,38,0.94405,0.943862,9.05,0,0,14700,5992.58
48,39,0.936687,0.928042,9.05,0,0,14700,5892.14
48,40,0.949779,0.972008,9.05,0,0,14700,6171.28
48,41,0.946003,0.971626,9.05,0,0,14700,6168.85
48,42,0.925557,0.948003,9.05,0,0,14430.7,6018.87
48,43,0.904963,0.967219,9.05,0,0,14146.6,6140.87
48,44,0.891524,0.934321,9.05,0,0,13999.5,5932.01
48,45,0.931127,0.994282,9.05,0,0,14700,6312.7
48,46,0.936189,1,522.621,0,0,14700,6349
48,47,0.955207,1,1948.72,0,0,14700,6349
48,48,0.939334,1,369.443,0,0,14516.6,6349
48,49,0.925012,0.986124,9.05,0,0,14314.4,6260.9
48,50,0.944469,1,1136.87,0,0,14700,6349
48,51,0.94405,1,737.165,0,0,14700,6349
48,52,0.91643,0.98809,27.139,0,0,14236.6,6273.38
49,1,0.945811,1,659.985,0,0,14685.8,6349
49,2,0.999347,1,2063.62,0,0,14700,6349
49,3,1,1,1007.05,0,0,14700,6349
49,4,1,1,795.164,0,0,14700,6349
49,5,1,1,2127.2,0,0,14700,6349
49,6,1,1,1570.35,0,0,14700,6349
49,7,1,1,1718.89,0,0,14700,6349
49,8,1,1,403.961,0,0,14700,6349
49,9,1,1,746.098,0,0,14700,6349
49,10,1,0.992711,27.139,0,0,14700,6302.72
49,11,1,1,113.065,0,0,14700,6349
49,12,1,1,129.176,0,0,14700,6349
49,13,1,0.99846,27.139,0,0,14700,6339.22
49,14,1,0.982035,27.139,0,0,14700,6234.94
49,15,1,1,587.275,0,0,14700,6349
49,16,1,1,544.733,0,0,14700,6349
49,17,0.973405,0.981836,27.139,0,0,14234.9,6233.68
49,18,1,1,438.094,0,0,14700,6349
49,19,1,1,323.49,0,0,14700,6349
49,20,1,1,47.0065,0,0,14700,6349
49,21,1,1,77.4596,0,0,14700,6349
49,22,1,1,178.483,0,0,14700,6349
49,23,1,0.979274,9.05,0,0,14700,6217.41
49,24,0.991504,0.948063,9.05,0,0,14700,6019.25
49,25,0.962244,0.914863,9.05,0,0,14071.5,5808.47
49,26,0.91594,0.903951,9.05,0,0,13316.4,5739.18
49,27,0.902297,0.981315,9.05,0,0,13046.3,6230.37
49,28,0.864969,1,105.992,0,0,12538.5,6349
49,29,0.816818,0.941578,9.05,0,0,11834.9,5978.08
49,30,0.755206,0.875895,9.05,0,0,10936.4,5561.06
49,31,0.698547,0.815771,9.05,0,0,10116.1,5179.33
49,32,0.677881,0.763394,9.05,0,0,9780.65,4846.79
49,33,0.628746,0.717481,9.05,0,0,9057.24,4555.28
49,34,0.653274,0.661784,9.05,0,0,9191.25,4201.67
49,35,0.630368,0.600706,9.05,0,0,8659.07,3813.88
49,36,0.63565,0.648572,9.05,0,0,8327.64,4117.78
49,37,0.70758,0.735448,9.05,0,0,9585.67,4669.36
49,38,0.683548,0.708691,9.05,0,0,9165.37,4499.48
49,39,0.660639,0.736996,9.05,0,0,8764.69,4679.19
49,40,0.652823,0.679214,9.05,0,0,8749.2,4312.33
49,41,0.612022,0.631699,9.05,0,0,8245.9,4010.66
49,42,0.601074,0.761799,9.05,0,0,8065.11,4836.66
49,43,0.555888,0.81363,9.05,0,0,7425.01,5165.74
49,44,0.606138,1,550.328,0,0,8447.01,6349
49,45,0.746259,1,1744.13,0,0,10950.4,6349
49,46,0.715609,1,128.717,0,0,10493.6,6349
49,47,0.74784,1,1169.22,0,0,11008,6349
49,48,0.880013,1,2761.76,0,0,13387.5,6349
49,49,0.956199,1,5987.94,0,0,14700,6349
49,50,0.951689,1,7272.8,0,0,14700,6349
49,51,0.950085,1,16288.9,0,0,14700,6349
49,52,0.947262,1,4027.46,0,0,14700,6349
50,1,0.9427,1,4478.76,0,0,14700,6349
50,2,0.942039,1,752.253,0,0,14700,6349
50,3,0.940676,1,1586.05,0,0,14700,6349
50,4,0.938961,1,1195.58,0,0,14700,6349
50,5,0.935149,1,1652.94,0,0,14700,6349
50,6,0.93315,1,1651.21,0,0,14700,6349
50,7,0.929215,0.999421,27.139,0,0,14700,6345.33
50,8,0.927428,1,299.418,0,0,14700,6349
50,9,0.927074,1,650.434,0,0,14700,6349
50,10,0.934899,1,1590.17,0,0,14700,6349
50,11,0.938725,1,1088.57,0,0,14700,6349
50,12,0.945427,1,54.2127,0,0,14700,6349
50,13,0.944972,1,289.588,0,0,14700,6349
50,14,0.949968,1,1239.47,0,0,14700,6349
50,15,0.954845,1,780.839,0,0,14700,6349
50,16,0.929753,0.991158,27.139,0,0,14298,6292.86
50,17,0.948828,1,1459.24,0,0,14700,6349
50,18,0.911661,0.996187,27.139,0,0,14114.5,6324.79
50,19,0.970046,1,1296.3,0,0,14700,6349
50,20,0.943678,1,30.246,0,0,14314.4,6349
50,21,0.928517,1,65.937,0,0,14099,6349
50,22,0.937967,1,284.033,0,0,14268,6349
50,23,0.960725,1,109.618,0,0,14700,6349
50,24,0.995904,1,917.329,0,0,14700,6349
50,25,0.989807,1,816.121,0,0,14700,6349
50,26,0.980283,1,741.119,0,0,14700,6349
50,27,0.941553,0.984024,9.05,0,0,14088.5,6247.57
50,28,0.973265,0.923969,9.05,0,0,14700,5866.28
50,29,0.934289,0.857787,9.05,0,0,14142.4,5446.09
50,30,0.927516,0.798059,9.05,0,0,14137.4,5066.88
50,31,0.880691,0.743707,9.05,0,0,13467.8,4721.79
50,32,0.860424,0.707634,9.05,0,0,13205.4,4492.77
50,33,0.819847,0.656486,9.05,0,0,12610.5,4168.03
50,34,0.808791,0.62166,9.05,0,0,12528.7,3946.92
50,35,0.766763,0.567992,9.05,0,0,11890.9,3606.18
50,36,0.722952,0.532405,9.05,0,0,11229.4,3380.24
50,37,0.696336,0.484655,9.05,0,0,10845.7,3077.07
50,38,0.659754,0.417855,9.05,0,0,10285.2,2652.96
50,39,0.63011,0.357151,9.05,0,0,9838.37,2267.55
50,40,0.608673,0.299874,9.05,0,0,9542.9,1903.9
50,41,0.576868,0.258048,9.05,0,0,9074.52,1638.35
50,42,0.536779,0.211111,9.05,0,0,8461.54,1340.34
50,43,0.494177,0.187211,9.05,0,0,7817.32,1188.61
50,44,0.461064,0.145862,9.05,0,0,7305.86,926.08
50,45,0.431676,0.0953654,9.05,0,0,6826.63,605.475
50,46,0.42226,0.0562669,9.05,0,0,6666.06,357.238
50,47,0.413883,0.00916694,9.05,0,0,6386.62,58.2009
50,48,0.387661,0,9.05,0,0,5982.41,0
50,49,0.430016,0.0373053,9.05,0,0,6655.45,236.852
50,50,0.475353,0.0493155,27.139,0,0,7446.01,313.104
50,51,0.541002,0.0821138,27.139,0,0,8626.09,521.34
50,52,0.522301,0.0805919,27.139,0,0,8306.91,511.678
51,1,0.544077,0.0821414,31.016,0,0,8716.29,521.516
51,2,0.645612,0.139318,27.139,0,0,10486.4,884.527
51,3,0.773616,0.248407,27.139,0,0,12706.3,1577.14
51,4,0.813549,0.25118,27.139,0,0,13304.2,1594.74
51,5,0.817136,0.239506,27.139,0,0,13232.1,1520.62
51,6,0.882367,0.254055,27.139,0,0,14341.2,1612.99
51,7,0.907665,0.342862,27.139,0,0,14700,2176.83
51,8,0.910744,0.441727,27.139,0,0,14700,2804.52
51,9,0.918443,0.536817,27.139,0,0,14700,3408.25
51,10,0.931372,0.956561,27.139,0,0,14700,6073.2
51,11,0.94588,1,408.611,0,0,14700,6349
51,12,0.944239,1,363.925,0,0,14700,6349
51,13,0.943339,0.997743,27.139,0,0,14700,6334.67
51,14,0.949793,1,1091.34,0,0,14700,6349
51,15,0.953671,1,1696.32,0,0,14700,6349
51,16,0.953064,1,633.783,0,0,14700,6349
51,17,0.956208,1,322.789,0,0,14700,6349
51,18,0.963262,0.980982,27.139,0,0,14700,6228.26
51,19,0.935916,1,61.1403,0,0,14250.1,6349
51,20,0.92632,1,103.085,0,0,14010.7,6349
51,21,0.911848,1,50.9306,0,0,13712.5,6349
51,22,0.877897,0.951281,27.139,0,0,13144.5,6039.69
51,23,0.856419,0.917099,9.05,0,0,12822.6,5822.66
51,24,0.888911,0.880255,9.05,0,0,13430.5,5588.74
51,25,0.882043,0.84744,9.05,0,0,13424.2,5380.39
51,26,0.84876,0.799096,9.05,0,0,12944.6,5073.46
51,27,0.803673,0.749459,9.05,0,0,12212.4,4758.32
51,28,0.782686,0.692846,9.05,0,0,11574,4398.88
51,29,0.744823,0.624106,9.05,0,0,10885.9,3962.45
51,30,0.706536,0.56451,9.05,0,0,10067.7,3584.07
51,31,0.675473,0.499165,9.05,0,0,9402.11,3169.2
51,32,0.652176,0.438964,9.05,0,0,9008.33,2786.98
51,33,0.615347,0.360854,9.05,0,0,8407.38,2291.07
51,34,0.554178,0.299857,9.05,0,0,7556.06,1903.79
51,35,0.507729,0.222978,9.05,0,0,6920.76,1415.69
51,36,0.46648,0.2046,9.05,0,0,6312.4,1299
51,37,0.421391,0.162856,9.05,0,0,5565.84,1033.97
51,38,0.379281,0.115371,9.05,0,0,4990.42,732.49
51,39,0.332092,0.051377,9.05,0,0,4324.01,326.193
51,40,0.311509,0,9.05,0,0,3731.04,0
51,41,0.299731,0,9.05,0,0,3514.92,0
51,42,0.292144,0.0139366,9.05,0,0,3162.31,88.4833
51,43,0.250793,0,9.05,0,0,2667.21,0
51,44,0.23627,0.0213895,9.05,0,0,2497.14,135.802
51,45,0.229666,0.0466202,9.05,0,0,2418.24,295.992
51,46,0.224029,0.0722311,9.05,0,0,2372.98,458.595
51,47,0.29735,0.135053,9.05,0,0,3925.39,857.451
51,48,0.305739,0.143089,9.05,0,0,4101.34,908.473
51,49,0.332254,0.142328,9.05,0,0,4702.17,903.643
51,50,0.351441,0.150295,27.139,0,0,4720.54,954.221
51,51,0.356434,0.114012,27.139,0,0,4550.81,723.86
51,52,0.377483,0.10089,27.139,0,0,4810.9,640.552
